timestamp,voltage,current,power,energy,frequency,power_factor
2025-03-01 00:00:00,220.99,0.999,220.74,0.2207,49.78,0.95
2025-03-01 01:00:00,219.72,1.152,253.13,0.2531,49.79,0.948
2025-03-01 02:00:00,221.3,0.854,189.05,0.1891,49.94,0.974
2025-03-01 03:00:00,223.05,0.411,91.66,0.0917,50.05,0.928
2025-03-01 04:00:00,219.53,0.92,201.95,0.2019,49.73,0.935
2025-03-01 05:00:00,219.53,0.605,132.73,0.1327,49.95,0.971
2025-03-01 06:00:00,223.16,0.641,143.14,0.1431,49.95,0.938
2025-03-01 07:00:00,221.53,0.976,216.2,0.2162,50.14,0.968
2025-03-01 08:00:00,219.06,1.171,256.63,0.2566,49.96,0.984
2025-03-01 09:00:00,221.09,0.806,178.28,0.1783,50.04,0.942
2025-03-01 10:00:00,219.07,0.893,195.56,0.1956,50.01,0.964
2025-03-01 11:00:00,219.07,1.311,287.13,0.2871,49.79,0.927
2025-03-01 12:00:00,220.48,0.872,192.31,0.1923,50.08,0.965
2025-03-01 13:00:00,216.17,1.581,341.66,0.3417,50.02,0.954
2025-03-01 14:00:00,216.55,0.97,209.98,0.21,50.05,0.959
2025-03-01 15:00:00,218.88,0.272,59.48,0.0595,50.39,0.937
2025-03-01 16:00:00,217.97,1.026,223.64,0.2236,49.79,0.917
2025-03-01 17:00:00,220.63,0.914,201.73,0.2017,50.17,0.96
2025-03-01 18:00:00,218.18,1.187,258.97,0.259,49.97,0.909
2025-03-01 19:00:00,217.18,1.002,217.6,0.2176,50.03,0.944
2025-03-01 20:00:00,222.93,0.758,169.09,0.1691,50.0,0.969
2025-03-01 21:00:00,219.55,0.433,95.0,0.095,49.96,0.954
2025-03-01 22:00:00,220.14,0.737,162.3,0.1623,49.94,0.989
2025-03-01 23:00:00,217.15,0.545,118.31,0.1183,50.03,0.971
2025-03-02 00:00:00,218.91,0.626,137.0,0.137,49.85,0.937
2025-03-02 01:00:00,220.22,0.977,215.06,0.2151,50.08,0.951
2025-03-02 02:00:00,217.7,1.301,283.22,0.2832,49.96,0.949
2025-03-02 03:00:00,220.75,0.918,202.74,0.2027,49.89,0.918
2025-03-02 04:00:00,218.8,0.441,96.54,0.0965,49.95,0.931
2025-03-02 05:00:00,219.42,0.933,204.8,0.2048,50.13,0.939
2025-03-02 06:00:00,218.8,1.159,253.58,0.2536,49.95,0.909
2025-03-02 07:00:00,223.7,0.617,138.04,0.138,50.04,0.951
2025-03-02 08:00:00,219.97,0.76,167.13,0.1671,49.93,0.945
2025-03-02 09:00:00,217.88,0.804,175.27,0.1753,50.08,0.917
2025-03-02 10:00:00,221.65,0.565,125.13,0.1251,50.07,0.958
2025-03-02 11:00:00,217.56,0.994,216.36,0.2164,50.18,0.964
2025-03-02 12:00:00,220.42,0.764,168.34,0.1683,49.98,0.955
2025-03-02 13:00:00,216.08,0.926,200.06,0.2001,50.07,0.944
2025-03-02 14:00:00,217.34,0.534,116.01,0.116,50.01,0.962
2025-03-02 15:00:00,220.39,0.669,147.39,0.1474,50.13,0.964
2025-03-02 16:00:00,221.48,1.017,225.18,0.2252,49.93,0.956
2025-03-02 17:00:00,220.34,0.688,151.63,0.1516,50.07,0.934
2025-03-02 18:00:00,219.77,1.318,289.67,0.2897,49.98,0.956
2025-03-02 19:00:00,219.4,0.68,149.21,0.1492,49.99,0.974
2025-03-02 20:00:00,217.04,0.867,188.26,0.1883,50.01,0.938
2025-03-02 21:00:00,218.56,1.08,236.0,0.236,50.03,0.992
2025-03-02 22:00:00,219.08,0.374,82.04,0.082,49.99,0.939
2025-03-02 23:00:00,222.11,0.272,60.36,0.0604,50.02,0.951
2025-03-03 00:00:00,220.69,0.342,75.54,0.0755,50.16,0.937
2025-03-03 01:00:00,216.47,1.179,255.17,0.2552,50.1,0.954
2025-03-03 02:00:00,220.65,0.634,139.99,0.14,50.09,0.915
2025-03-03 03:00:00,219.23,1.567,343.63,0.3436,49.95,0.939
2025-03-03 04:00:00,218.65,0.631,137.91,0.1379,49.91,0.928
2025-03-03 05:00:00,221.22,0.855,189.23,0.1892,50.1,0.953
2025-03-03 06:00:00,222.06,1.263,280.38,0.2804,50.09,0.97
2025-03-03 07:00:00,221.86,1.402,311.01,0.311,50.15,0.963
2025-03-03 08:00:00,218.32,1.418,309.68,0.3097,49.94,0.903
2025-03-03 09:00:00,219.38,1.163,255.03,0.255,49.98,0.991
2025-03-03 10:00:00,220.66,1.107,244.32,0.2443,49.84,0.956
2025-03-03 11:00:00,221.95,0.978,217.01,0.217,49.96,0.934
2025-03-03 12:00:00,219.04,1.034,226.38,0.2264,50.1,0.953
2025-03-03 13:00:00,219.63,0.635,139.39,0.1394,49.95,0.954
2025-03-03 14:00:00,217.79,0.555,120.77,0.1208,50.06,0.937
2025-03-03 15:00:00,217.61,0.799,173.87,0.1739,49.98,0.954
2025-03-03 16:00:00,221.63,0.749,165.98,0.166,50.03,0.938
2025-03-03 17:00:00,222.71,0.664,147.89,0.1479,49.89,0.942
2025-03-03 18:00:00,219.86,1.009,221.82,0.2218,50.01,0.936
2025-03-03 19:00:00,222.01,1.087,241.23,0.2412,49.7,0.921
2025-03-03 20:00:00,220.72,0.827,182.43,0.1824,49.98,0.953
2025-03-03 21:00:00,218.71,1.243,271.91,0.2719,49.84,0.962
2025-03-03 22:00:00,220.72,0.457,100.98,0.101,50.12,0.96
2025-03-03 23:00:00,223.08,0.742,165.5,0.1655,50.08,0.966
2025-03-04 00:00:00,219.93,0.585,128.65,0.1286,50.05,0.956
2025-03-04 01:00:00,223.13,0.24,53.56,0.0536,50.15,0.939
2025-03-04 02:00:00,214.76,0.775,166.48,0.1665,49.91,0.967
2025-03-04 03:00:00,221.64,0.763,169.22,0.1692,50.17,0.923
2025-03-04 04:00:00,220.17,1.254,276.11,0.2761,50.09,0.932
2025-03-04 05:00:00,219.4,0.989,217.04,0.217,49.98,0.931
2025-03-04 06:00:00,220.18,0.493,108.49,0.1085,50.11,0.972
2025-03-04 07:00:00,216.02,1.356,292.98,0.293,49.89,0.969
2025-03-04 08:00:00,219.56,1.166,256.08,0.2561,49.92,0.96
2025-03-04 09:00:00,220.71,0.975,215.11,0.2151,49.94,0.971
2025-03-04 10:00:00,222.96,0.732,163.22,0.1632,49.95,0.932
2025-03-04 11:00:00,218.96,0.512,112.15,0.1121,49.89,0.957
2025-03-04 12:00:00,218.38,0.688,150.32,0.1503,50.12,0.947
2025-03-04 13:00:00,219.0,1.127,246.73,0.2467,49.97,0.967
2025-03-04 14:00:00,221.83,1.365,302.88,0.3029,50.04,0.948
2025-03-04 15:00:00,220.66,1.263,278.68,0.2787,49.94,0.942
2025-03-04 16:00:00,218.94,0.653,143.04,0.143,49.82,0.961
2025-03-04 17:00:00,221.03,0.464,102.58,0.1026,50.03,0.968
2025-03-04 18:00:00,220.19,0.842,185.46,0.1855,49.81,0.937
2025-03-04 19:00:00,221.94,0.269,59.81,0.0598,49.99,0.949
2025-03-04 20:00:00,218.6,0.897,196.07,0.1961,49.86,0.929
2025-03-04 21:00:00,219.34,0.756,165.76,0.1658,50.2,0.9
2025-03-04 22:00:00,219.22,0.66,144.72,0.1447,50.09,0.954
2025-03-04 23:00:00,217.07,0.322,69.81,0.0698,50.01,0.962
2025-03-05 00:00:00,220.59,0.954,210.46,0.2105,50.13,0.955
2025-03-05 01:00:00,220.52,0.64,141.18,0.1412,49.92,0.911
2025-03-05 02:00:00,220.01,0.449,98.79,0.0988,50.05,0.943
2025-03-05 03:00:00,219.53,-0.062,-13.54,-0.0135,50.02,0.906
2025-03-05 04:00:00,217.17,0.792,171.94,0.1719,50.03,0.977
2025-03-05 05:00:00,219.16,1.332,291.85,0.2918,50.13,0.928
2025-03-05 06:00:00,219.31,1.298,284.75,0.2848,50.07,0.975
2025-03-05 07:00:00,218.4,0.663,144.77,0.1448,50.03,0.969
2025-03-05 08:00:00,219.68,0.619,136.05,0.1361,49.83,0.932
2025-03-05 09:00:00,220.81,0.941,207.7,0.2077,49.9,0.927
2025-03-05 10:00:00,223.77,0.5,111.99,0.112,49.99,0.957
2025-03-05 11:00:00,220.35,0.891,196.23,0.1962,50.01,0.933
2025-03-05 12:00:00,220.52,1.03,227.09,0.2271,49.89,0.952
2025-03-05 13:00:00,219.85,1.168,256.8,0.2568,50.24,0.94
2025-03-05 14:00:00,216.16,0.77,166.44,0.1664,50.15,0.914
2025-03-05 15:00:00,219.95,0.739,162.52,0.1625,50.06,0.905
2025-03-05 16:00:00,220.12,0.537,118.12,0.1181,50.01,0.955
2025-03-05 17:00:00,224.93,0.552,124.15,0.1241,49.98,0.939
2025-03-05 18:00:00,219.62,0.732,160.77,0.1608,49.9,0.939
2025-03-05 19:00:00,220.6,0.91,200.8,0.2008,50.01,0.964
2025-03-05 20:00:00,219.93,1.074,236.22,0.2362,50.03,0.973
2025-03-05 21:00:00,217.66,0.559,121.68,0.1217,49.88,0.945
2025-03-05 22:00:00,222.29,1.248,277.37,0.2774,50.03,0.943
2025-03-05 23:00:00,221.5,0.719,159.19,0.1592,49.98,0.96
2025-03-06 00:00:00,221.58,0.794,175.85,0.1758,49.81,0.923
2025-03-06 01:00:00,218.18,0.576,125.64,0.1256,49.91,0.954
2025-03-06 02:00:00,222.81,0.073,16.2,0.0162,49.96,0.961
2025-03-06 03:00:00,217.2,1.065,231.36,0.2314,50.19,0.964
2025-03-06 04:00:00,221.17,1.021,225.83,0.2258,50.06,0.911
2025-03-06 05:00:00,224.38,0.716,160.57,0.1606,49.87,0.935
2025-03-06 06:00:00,218.02,0.82,178.8,0.1788,50.05,0.932
2025-03-06 07:00:00,218.87,0.955,208.97,0.209,49.85,0.952
2025-03-06 08:00:00,220.2,0.331,72.94,0.0729,50.11,0.96
2025-03-06 09:00:00,218.99,0.641,140.44,0.1404,49.95,0.98
2025-03-06 10:00:00,216.9,1.038,225.2,0.2252,49.99,0.94
2025-03-06 11:00:00,220.14,0.424,93.28,0.0933,50.13,0.94
2025-03-06 12:00:00,217.88,0.888,193.49,0.1935,49.87,0.973
2025-03-06 13:00:00,220.95,0.393,86.84,0.0868,49.86,0.956
2025-03-06 14:00:00,218.16,0.94,205.06,0.2051,49.94,0.975
2025-03-06 15:00:00,223.1,0.789,176.09,0.1761,50.1,0.956
2025-03-06 16:00:00,218.43,0.315,68.91,0.0689,49.85,0.927
2025-03-06 17:00:00,219.36,1.149,252.13,0.2521,49.72,0.923
2025-03-06 18:00:00,221.63,0.58,128.46,0.1285,49.95,0.919
2025-03-06 19:00:00,217.54,0.557,121.15,0.1212,50.06,0.963
2025-03-06 20:00:00,220.45,0.86,189.63,0.1896,50.12,0.974
2025-03-06 21:00:00,222.61,1.145,254.8,0.2548,49.95,0.987
2025-03-06 22:00:00,216.79,0.495,107.36,0.1074,49.96,0.967
2025-03-06 23:00:00,220.37,0.819,180.37,0.1804,50.12,0.973
2025-03-07 00:00:00,220.52,0.929,204.78,0.2048,49.81,0.938
2025-03-07 01:00:00,221.56,1.008,223.32,0.2233,49.96,0.927
2025-03-07 02:00:00,217.53,0.853,185.54,0.1855,50.02,0.967
2025-03-07 03:00:00,217.36,0.69,149.95,0.15,50.04,0.958
2025-03-07 04:00:00,221.04,0.552,121.95,0.122,49.95,0.952
2025-03-07 05:00:00,220.59,0.826,182.18,0.1822,50.0,0.958
2025-03-07 06:00:00,220.5,0.478,105.48,0.1055,49.75,0.956
2025-03-07 07:00:00,220.69,-0.076,-16.86,-0.0169,49.93,0.976
2025-03-07 08:00:00,218.64,0.931,203.55,0.2035,50.05,0.976
2025-03-07 09:00:00,220.46,1.071,236.16,0.2362,49.9,0.961
2025-03-07 10:00:00,220.59,0.091,20.1,0.0201,50.01,0.967
2025-03-07 11:00:00,218.57,0.497,108.65,0.1086,50.04,0.96
2025-03-07 12:00:00,223.73,0.986,220.54,0.2205,49.97,0.941
2025-03-07 13:00:00,220.95,1.417,313.14,0.3131,50.02,0.965
2025-03-07 14:00:00,217.62,0.806,175.45,0.1755,49.9,0.922
2025-03-07 15:00:00,221.31,0.582,128.72,0.1287,49.98,0.971
2025-03-07 16:00:00,218.05,0.745,162.48,0.1625,50.06,0.926
2025-03-07 17:00:00,221.57,1.212,268.65,0.2687,50.02,0.956
2025-03-07 18:00:00,222.32,0.606,134.77,0.1348,49.94,0.933
2025-03-07 19:00:00,218.36,0.56,122.33,0.1223,50.02,0.961
2025-03-07 20:00:00,221.93,0.655,145.4,0.1454,50.07,0.949
2025-03-07 21:00:00,220.83,0.514,113.5,0.1135,49.8,0.918
2025-03-07 22:00:00,221.64,0.837,185.47,0.1855,50.12,0.958
2025-03-07 23:00:00,223.79,1.287,288.11,0.2881,49.97,0.938
2025-03-08 00:00:00,219.51,0.897,196.88,0.1969,50.04,0.968
2025-03-08 01:00:00,218.49,0.724,158.25,0.1583,50.12,0.95
2025-03-08 02:00:00,218.22,0.712,155.47,0.1555,49.86,0.958
2025-03-08 03:00:00,218.37,0.331,72.29,0.0723,49.93,0.931
2025-03-08 04:00:00,219.85,1.065,234.12,0.2341,49.97,0.938
2025-03-08 05:00:00,220.68,0.777,171.39,0.1714,49.92,0.941
2025-03-08 06:00:00,220.55,0.746,164.5,0.1645,50.17,0.967
2025-03-08 07:00:00,221.65,1.758,389.65,0.3897,49.91,0.984
2025-03-08 08:00:00,220.03,0.89,195.74,0.1957,49.94,0.934
2025-03-08 09:00:00,222.91,0.574,128.05,0.1281,50.02,0.972
2025-03-08 10:00:00,219.47,0.672,147.5,0.1475,49.88,0.907
2025-03-08 11:00:00,225.44,1.145,258.02,0.258,49.96,0.926
2025-03-08 12:00:00,221.25,0.834,184.52,0.1845,50.03,0.931
2025-03-08 13:00:00,218.29,0.369,80.44,0.0804,49.97,0.923
2025-03-08 14:00:00,217.86,1.076,234.37,0.2344,49.99,0.918
2025-03-08 15:00:00,220.96,0.6,132.48,0.1325,49.95,0.958
2025-03-08 16:00:00,219.55,1.362,299.03,0.299,49.85,0.946
2025-03-08 17:00:00,221.43,1.124,248.89,0.2489,50.03,0.958
2025-03-08 18:00:00,220.95,0.666,147.11,0.1471,50.18,0.964
2025-03-08 19:00:00,219.85,1.184,260.37,0.2604,50.0,0.955
2025-03-08 20:00:00,218.31,0.82,179.09,0.1791,50.02,0.963
2025-03-08 21:00:00,216.97,1.056,229.08,0.2291,50.07,0.949
2025-03-08 22:00:00,219.11,0.945,207.15,0.2071,49.87,0.926
2025-03-08 23:00:00,221.71,0.546,121.08,0.1211,50.17,0.971
2025-03-09 00:00:00,220.43,0.607,133.79,0.1338,50.02,0.938
2025-03-09 01:00:00,217.51,1.109,241.21,0.2412,50.16,0.931
2025-03-09 02:00:00,220.35,0.7,154.15,0.1541,49.93,0.946
2025-03-09 03:00:00,220.77,0.679,149.88,0.1499,50.18,0.932
2025-03-09 04:00:00,218.23,0.513,112.05,0.1121,50.08,0.942
2025-03-09 05:00:00,220.31,0.927,204.24,0.2042,50.06,0.957
2025-03-09 06:00:00,220.12,1.419,312.29,0.3123,50.02,0.957
2025-03-09 07:00:00,217.71,0.48,104.45,0.1044,49.98,0.932
2025-03-09 08:00:00,220.72,0.807,178.18,0.1782,50.12,0.94
2025-03-09 09:00:00,221.12,1.224,270.58,0.2706,50.01,0.971
2025-03-09 10:00:00,222.17,0.776,172.42,0.1724,49.8,0.96
2025-03-09 11:00:00,222.11,0.936,207.83,0.2078,49.89,0.992
2025-03-09 12:00:00,217.24,0.481,104.56,0.1046,49.98,0.974
2025-03-09 13:00:00,218.12,0.928,202.53,0.2025,50.03,0.973
2025-03-09 14:00:00,221.03,0.744,164.41,0.1644,49.99,0.922
2025-03-09 15:00:00,221.03,1.096,242.18,0.2422,50.12,0.965
2025-03-09 16:00:00,221.03,1.156,255.56,0.2556,49.8,0.949
2025-03-09 17:00:00,227.71,1.577,359.06,0.3591,50.01,0.939
2025-03-09 18:00:00,221.14,0.974,215.37,0.2154,49.82,0.953
2025-03-09 19:00:00,222.27,0.898,199.54,0.1995,50.08,0.969
2025-03-09 20:00:00,221.91,0.858,190.47,0.1905,49.99,0.96
2025-03-09 21:00:00,221.3,0.694,153.6,0.1536,50.04,0.932
2025-03-09 22:00:00,219.37,0.902,197.77,0.1978,49.91,0.965
2025-03-09 23:00:00,221.52,0.711,157.58,0.1576,50.13,0.937
2025-03-10 00:00:00,218.45,0.851,185.8,0.1858,50.1,0.954
2025-03-10 01:00:00,219.53,1.195,262.4,0.2624,50.06,0.944
2025-03-10 02:00:00,219.03,0.498,109.08,0.1091,49.99,0.946
2025-03-10 03:00:00,220.16,1.142,251.42,0.2514,50.06,0.965
2025-03-10 04:00:00,224.63,1.195,268.46,0.2685,49.93,0.929
2025-03-10 05:00:00,216.27,0.765,165.35,0.1654,50.09,0.989
2025-03-10 06:00:00,221.37,0.163,36.18,0.0362,50.16,0.914
2025-03-10 07:00:00,216.77,0.618,133.89,0.1339,50.11,0.938
2025-03-10 08:00:00,219.06,1.189,260.48,0.2605,49.93,0.957
2025-03-10 09:00:00,222.18,0.793,176.22,0.1762,50.04,0.962
2025-03-10 10:00:00,220.13,0.5,110.11,0.1101,49.87,0.948
2025-03-10 11:00:00,217.84,0.649,141.29,0.1413,50.06,0.949
2025-03-10 12:00:00,218.57,1.052,229.98,0.23,50.05,0.958
2025-03-10 13:00:00,221.36,0.964,213.39,0.2134,49.81,0.945
2025-03-10 14:00:00,218.54,0.728,159.17,0.1592,49.88,0.978
2025-03-10 15:00:00,220.43,0.69,152.09,0.1521,49.97,0.967
2025-03-10 16:00:00,220.09,0.682,150.21,0.1502,49.97,0.967
2025-03-10 17:00:00,218.7,0.523,114.44,0.1144,49.88,0.931
2025-03-10 18:00:00,224.29,1.285,288.12,0.2881,50.04,0.948
2025-03-10 19:00:00,221.27,0.703,155.62,0.1556,50.03,0.944
2025-03-10 20:00:00,215.95,1.165,251.61,0.2516,49.98,0.93
2025-03-10 21:00:00,220.37,1.256,276.88,0.2769,49.92,0.957
2025-03-10 22:00:00,218.68,1.099,240.43,0.2404,50.1,0.939
2025-03-10 23:00:00,221.7,0.671,148.66,0.1487,50.17,0.963
2025-03-11 00:00:00,218.41,0.921,201.19,0.2012,49.95,0.929
2025-03-11 01:00:00,219.77,0.793,174.22,0.1742,49.94,0.984
2025-03-11 02:00:00,221.01,0.529,116.89,0.1169,50.05,0.932
2025-03-11 03:00:00,221.73,0.897,198.96,0.199,49.96,0.954
2025-03-11 04:00:00,217.6,0.446,97.11,0.0971,49.99,0.966
2025-03-11 05:00:00,219.33,1.156,253.61,0.2536,50.07,0.939
2025-03-11 06:00:00,219.05,0.661,144.71,0.1447,49.81,0.967
2025-03-11 07:00:00,218.69,0.86,188.15,0.1882,50.13,0.925
2025-03-11 08:00:00,223.53,0.885,197.82,0.1978,50.01,0.979
2025-03-11 09:00:00,220.81,0.722,159.5,0.1595,49.96,0.95
2025-03-11 10:00:00,217.48,0.976,212.26,0.2123,49.99,0.938
2025-03-11 11:00:00,221.84,0.658,145.86,0.1459,50.0,0.944
2025-03-11 12:00:00,224.24,1.061,238.01,0.238,49.83,0.966
2025-03-11 13:00:00,222.06,0.396,87.98,0.088,50.15,0.938
2025-03-11 14:00:00,216.96,0.838,181.79,0.1818,50.0,0.935
2025-03-11 15:00:00,219.03,1.382,302.63,0.3026,50.04,0.946
2025-03-11 16:00:00,222.53,0.5,111.24,0.1112,50.1,0.926
2025-03-11 17:00:00,218.58,0.597,130.42,0.1304,49.9,0.986
2025-03-11 18:00:00,220.89,0.954,210.76,0.2108,50.05,0.939
2025-03-11 19:00:00,221.55,0.854,189.18,0.1892,49.97,0.967
2025-03-11 20:00:00,218.15,0.905,197.46,0.1975,50.08,0.954
2025-03-11 21:00:00,219.88,0.947,208.17,0.2082,49.79,0.93
2025-03-11 22:00:00,213.52,0.99,211.47,0.2115,49.99,0.95
2025-03-11 23:00:00,217.95,1.133,246.92,0.2469,49.94,0.966
2025-03-12 00:00:00,219.49,0.923,202.58,0.2026,50.04,0.946
2025-03-12 01:00:00,217.5,0.728,158.26,0.1583,50.05,0.974
2025-03-12 02:00:00,223.26,1.002,223.66,0.2237,49.93,0.97
2025-03-12 03:00:00,217.14,1.37,297.47,0.2975,49.93,0.968
2025-03-12 04:00:00,219.12,0.76,166.58,0.1666,49.99,0.941
2025-03-12 05:00:00,220.26,0.508,111.81,0.1118,49.91,0.928
2025-03-12 06:00:00,222.88,1.132,252.33,0.2523,50.08,0.938
2025-03-12 07:00:00,217.13,0.764,165.86,0.1659,49.96,0.954
2025-03-12 08:00:00,222.33,0.148,32.95,0.0329,49.71,0.961
2025-03-12 09:00:00,220.02,1.054,231.95,0.232,49.96,0.907
2025-03-12 10:00:00,218.04,0.639,139.41,0.1394,49.9,0.95
2025-03-12 11:00:00,220.92,0.773,170.74,0.1707,49.84,0.953
2025-03-12 12:00:00,220.4,0.9,198.27,0.1983,49.88,0.944
2025-03-12 13:00:00,218.8,0.857,187.54,0.1875,50.01,0.976
2025-03-12 14:00:00,220.14,1.013,222.97,0.223,50.13,0.958
2025-03-12 15:00:00,219.23,0.669,146.74,0.1467,50.03,0.976
2025-03-12 16:00:00,220.23,0.954,210.08,0.2101,49.94,0.946
2025-03-12 17:00:00,221.32,0.722,159.83,0.1598,50.05,0.969
2025-03-12 18:00:00,223.17,1.022,228.0,0.228,49.95,0.983
2025-03-12 19:00:00,217.52,0.985,214.18,0.2142,49.93,0.976
2025-03-12 20:00:00,224.27,0.519,116.48,0.1165,49.88,0.928
2025-03-12 21:00:00,216.1,1.126,243.28,0.2433,49.82,0.945
2025-03-12 22:00:00,219.7,0.639,140.43,0.1404,49.96,0.943
2025-03-12 23:00:00,221.18,1.042,230.56,0.2306,50.02,0.96
2025-03-13 00:00:00,220.56,0.91,200.75,0.2008,49.99,0.964
2025-03-13 01:00:00,218.75,1.351,295.64,0.2956,49.96,0.933
2025-03-13 02:00:00,219.58,0.733,160.95,0.1609,49.91,0.951
2025-03-13 03:00:00,219.01,0.695,152.26,0.1523,50.06,0.91
2025-03-13 04:00:00,218.82,0.794,173.78,0.1738,49.87,0.979
2025-03-13 05:00:00,221.7,0.709,157.19,0.1572,50.08,0.94
2025-03-13 06:00:00,220.71,1.04,229.54,0.2295,49.9,0.951
2025-03-13 07:00:00,218.61,0.315,68.89,0.0689,49.92,0.944
2025-03-13 08:00:00,221.8,0.484,107.33,0.1073,49.85,0.973
2025-03-13 09:00:00,220.61,0.48,105.82,0.1058,49.95,0.893
2025-03-13 10:00:00,221.63,1.085,240.48,0.2405,50.1,0.95
2025-03-13 11:00:00,221.26,1.313,290.55,0.2906,50.05,0.948
2025-03-13 12:00:00,218.34,0.769,167.83,0.1678,50.1,0.941
2025-03-13 13:00:00,218.88,0.749,164.02,0.164,50.05,0.985
2025-03-13 14:00:00,221.49,0.821,181.85,0.1819,49.89,0.932
2025-03-13 15:00:00,221.22,1.149,254.09,0.2541,49.97,0.965
2025-03-13 16:00:00,219.96,0.522,114.77,0.1148,49.92,0.957
2025-03-13 17:00:00,220.23,0.872,191.94,0.1919,50.13,0.975
2025-03-13 18:00:00,222.56,1.093,243.15,0.2432,49.88,0.937
2025-03-13 19:00:00,218.82,0.95,207.95,0.2079,50.09,0.935
2025-03-13 20:00:00,221.09,0.857,189.45,0.1894,50.09,0.972
2025-03-13 21:00:00,219.6,1.1,241.62,0.2416,50.18,0.959
2025-03-13 22:00:00,219.56,-0.011,-2.41,-0.0024,49.96,0.919
2025-03-13 23:00:00,222.2,1.003,222.94,0.2229,50.07,0.939
2025-03-14 00:00:00,221.65,0.604,133.83,0.1338,50.23,0.958
2025-03-14 01:00:00,221.63,0.251,55.59,0.0556,49.94,0.967
2025-03-14 02:00:00,222.61,0.953,212.23,0.2122,49.85,0.936
2025-03-14 03:00:00,220.04,1.212,266.71,0.2667,49.81,0.892
2025-03-14 04:00:00,221.36,0.759,167.96,0.168,50.07,0.96
2025-03-14 05:00:00,219.38,1.086,238.22,0.2382,49.81,0.926
2025-03-14 06:00:00,220.65,1.284,283.24,0.2832,49.96,0.91
2025-03-14 07:00:00,219.74,1.194,262.47,0.2625,50.04,0.893
2025-03-14 08:00:00,220.19,1.292,284.49,0.2845,50.02,0.966
2025-03-14 09:00:00,221.19,1.023,226.2,0.2262,50.04,0.953
2025-03-14 10:00:00,218.36,0.823,179.63,0.1796,50.02,0.945
2025-03-14 11:00:00,224.18,0.319,71.61,0.0716,50.13,0.978
2025-03-14 12:00:00,217.99,0.726,158.3,0.1583,49.9,0.963
2025-03-14 13:00:00,217.57,0.547,119.02,0.119,49.93,0.982
2025-03-14 14:00:00,222.32,1.451,322.64,0.3226,49.92,0.922
2025-03-14 15:00:00,221.58,0.747,165.57,0.1656,50.08,0.949
2025-03-14 16:00:00,221.25,0.837,185.18,0.1852,50.09,0.918
2025-03-14 17:00:00,221.26,0.965,213.61,0.2136,50.05,0.945
2025-03-14 18:00:00,219.98,0.813,178.86,0.1789,50.12,0.945
2025-03-14 19:00:00,218.21,1.309,285.53,0.2855,49.88,0.963
2025-03-14 20:00:00,220.15,0.613,135.0,0.135,50.17,0.951
2025-03-14 21:00:00,218.65,0.858,187.68,0.1877,50.15,0.962
2025-03-14 22:00:00,221.95,0.577,128.12,0.1281,50.07,0.964
2025-03-14 23:00:00,219.71,0.404,88.76,0.0888,50.18,0.993
2025-03-15 00:00:00,218.35,0.616,134.61,0.1346,49.83,0.944
2025-03-15 01:00:00,219.36,0.789,173.05,0.173,49.95,0.931
2025-03-15 02:00:00,220.83,0.671,148.22,0.1482,49.93,0.955
2025-03-15 03:00:00,218.87,0.592,129.63,0.1296,50.07,0.934
2025-03-15 04:00:00,218.36,0.378,82.56,0.0826,49.89,0.98
2025-03-15 05:00:00,220.49,0.775,170.89,0.1709,50.08,0.944
2025-03-15 06:00:00,220.49,0.349,76.86,0.0769,50.14,0.939
2025-03-15 07:00:00,218.99,1.028,225.12,0.2251,50.07,0.941
2025-03-15 08:00:00,219.06,0.825,180.66,0.1807,50.03,0.964
2025-03-15 09:00:00,220.46,0.363,79.97,0.08,49.9,0.947
2025-03-15 10:00:00,217.1,0.707,153.54,0.1535,49.92,0.937
2025-03-15 11:00:00,217.19,0.574,124.74,0.1247,50.12,0.983
2025-03-15 12:00:00,218.56,0.896,195.78,0.1958,50.08,0.933
2025-03-15 13:00:00,219.57,1.202,263.96,0.264,50.0,0.951
2025-03-15 14:00:00,220.62,0.237,52.39,0.0524,49.96,0.963
2025-03-15 15:00:00,222.95,0.835,186.05,0.1861,49.8,0.917
2025-03-15 16:00:00,221.72,0.752,166.72,0.1667,49.89,0.96
2025-03-15 17:00:00,219.68,1.001,219.99,0.22,50.19,0.929
2025-03-15 18:00:00,219.96,0.864,190.04,0.19,49.87,0.966
2025-03-15 19:00:00,217.99,0.574,125.22,0.1252,50.02,0.931
2025-03-15 20:00:00,219.96,0.704,154.92,0.1549,50.1,0.964
2025-03-15 21:00:00,219.42,0.561,123.14,0.1231,49.87,0.972
2025-03-15 22:00:00,220.65,1.123,247.74,0.2477,50.02,0.967
2025-03-15 23:00:00,218.35,0.806,176.07,0.1761,50.09,0.955
2025-03-16 00:00:00,221.04,1.37,302.9,0.3029,50.0,0.945
2025-03-16 01:00:00,223.07,0.782,174.39,0.1744,50.29,0.938
2025-03-16 02:00:00,219.78,0.587,129.12,0.1291,49.83,0.979
2025-03-16 03:00:00,220.8,0.346,76.37,0.0764,50.11,0.936
2025-03-16 04:00:00,221.38,0.259,57.35,0.0574,49.98,0.929
2025-03-16 05:00:00,219.2,0.325,71.19,0.0712,50.08,0.963
2025-03-16 06:00:00,220.45,0.88,194.02,0.194,50.04,0.934
2025-03-16 07:00:00,220.03,0.953,209.6,0.2096,49.93,0.931
2025-03-16 08:00:00,220.2,0.326,71.71,0.0717,50.02,0.921
2025-03-16 09:00:00,218.45,1.069,233.42,0.2334,49.81,0.94
2025-03-16 10:00:00,220.05,0.655,144.15,0.1442,50.06,0.948
2025-03-16 11:00:00,221.0,0.844,186.53,0.1865,50.03,0.955
2025-03-16 12:00:00,222.9,1.284,286.13,0.2861,50.06,0.969
2025-03-16 13:00:00,221.92,1.069,237.24,0.2372,50.11,0.961
2025-03-16 14:00:00,224.31,0.719,161.38,0.1614,50.04,0.946
2025-03-16 15:00:00,218.47,0.533,116.36,0.1164,50.01,0.946
2025-03-16 16:00:00,221.74,0.154,34.25,0.0342,49.91,0.96
2025-03-16 17:00:00,220.37,0.584,128.75,0.1288,49.93,0.975
2025-03-16 18:00:00,224.38,0.737,165.29,0.1653,50.12,0.953
2025-03-16 19:00:00,218.38,0.504,110.03,0.11,50.14,0.941
2025-03-16 20:00:00,218.32,0.761,166.06,0.1661,49.98,0.93
2025-03-16 21:00:00,218.8,0.823,180.09,0.1801,50.0,0.921
2025-03-16 22:00:00,215.75,0.733,158.05,0.158,49.91,0.963
2025-03-16 23:00:00,218.95,0.605,132.46,0.1325,50.12,0.962
2025-03-17 00:00:00,218.48,0.851,185.84,0.1858,50.07,0.962
2025-03-17 01:00:00,220.3,0.933,205.45,0.2054,50.19,0.947
2025-03-17 02:00:00,220.68,0.473,104.36,0.1044,49.91,0.978
2025-03-17 03:00:00,223.75,1.223,273.71,0.2737,49.96,0.94
2025-03-17 04:00:00,221.9,0.77,170.96,0.171,50.02,0.969
2025-03-17 05:00:00,218.85,0.806,176.31,0.1763,50.06,0.949
2025-03-17 06:00:00,218.2,1.012,220.92,0.2209,49.98,0.938
2025-03-17 07:00:00,220.98,0.87,192.25,0.1922,49.91,0.962
2025-03-17 08:00:00,217.36,1.086,236.04,0.236,50.09,0.958
2025-03-17 09:00:00,223.66,0.886,198.2,0.1982,50.07,0.957
2025-03-17 10:00:00,222.36,0.616,137.03,0.137,49.91,0.952
2025-03-17 11:00:00,219.06,0.908,199.01,0.199,50.14,0.949
2025-03-17 12:00:00,216.57,0.457,98.95,0.0989,50.12,0.998
2025-03-17 13:00:00,222.71,0.833,185.42,0.1854,50.01,0.974
2025-03-17 14:00:00,219.77,0.79,173.63,0.1736,50.01,0.964
2025-03-17 15:00:00,222.48,0.738,164.09,0.1641,50.06,0.952
2025-03-17 16:00:00,216.81,0.761,165.09,0.1651,49.91,0.97
2025-03-17 17:00:00,218.8,0.235,51.52,0.0515,50.0,0.96
2025-03-17 18:00:00,220.01,0.635,139.79,0.1398,49.78,0.951
2025-03-17 19:00:00,220.09,0.828,182.21,0.1822,50.09,0.944
2025-03-17 20:00:00,219.1,0.848,185.79,0.1858,49.84,0.948
2025-03-17 21:00:00,221.25,0.492,108.79,0.1088,50.15,0.887
2025-03-17 22:00:00,217.86,1.18,257.02,0.257,49.97,0.954
2025-03-17 23:00:00,219.72,0.54,118.68,0.1187,49.98,0.94
2025-03-18 00:00:00,220.24,1.091,240.25,0.2402,49.94,0.982
2025-03-18 01:00:00,221.03,0.928,205.15,0.2051,49.97,0.95
2025-03-18 02:00:00,221.42,0.606,134.21,0.1342,50.14,0.926
2025-03-18 03:00:00,217.75,1.333,290.17,0.2902,49.75,0.949
2025-03-18 04:00:00,216.93,0.442,95.86,0.0959,50.13,0.929
2025-03-18 05:00:00,222.56,1.076,239.41,0.2394,50.03,0.959
2025-03-18 06:00:00,220.66,1.1,242.77,0.2428,49.88,0.956
2025-03-18 07:00:00,218.5,0.599,130.84,0.1308,49.89,0.969
2025-03-18 08:00:00,223.1,1.218,271.68,0.2717,50.17,0.934
2025-03-18 09:00:00,220.23,0.725,159.66,0.1597,49.91,0.951
2025-03-18 10:00:00,222.36,0.887,197.14,0.1971,49.88,0.923
2025-03-18 11:00:00,220.14,0.878,193.3,0.1933,50.11,0.964
2025-03-18 12:00:00,224.12,0.76,170.27,0.1703,50.03,0.96
2025-03-18 13:00:00,223.51,1.043,233.18,0.2332,49.91,0.96
2025-03-18 14:00:00,219.5,1.038,227.85,0.2279,50.02,0.95
2025-03-18 15:00:00,221.94,0.275,61.13,0.0611,49.9,0.958
2025-03-18 16:00:00,221.29,1.191,263.62,0.2636,50.11,0.982
2025-03-18 17:00:00,222.74,0.301,67.1,0.0671,50.11,0.944
2025-03-18 18:00:00,218.07,1.11,242.01,0.242,50.05,0.953
2025-03-18 19:00:00,221.37,1.138,251.92,0.2519,50.04,0.928
2025-03-18 20:00:00,222.12,0.473,105.0,0.105,50.18,0.933
2025-03-18 21:00:00,216.48,0.677,146.51,0.1465,50.0,0.952
2025-03-18 22:00:00,217.63,0.468,101.92,0.1019,49.88,0.972
2025-03-18 23:00:00,215.92,0.736,158.82,0.1588,50.04,0.945
2025-03-19 00:00:00,219.46,0.708,155.29,0.1553,50.21,0.945
2025-03-19 01:00:00,221.44,1.034,228.94,0.2289,49.9,0.942
2025-03-19 02:00:00,223.0,1.193,266.07,0.2661,49.96,0.939
2025-03-19 03:00:00,220.15,1.219,268.3,0.2683,50.04,0.956
2025-03-19 04:00:00,223.26,0.631,140.95,0.141,49.99,0.92
2025-03-19 05:00:00,217.24,0.737,160.16,0.1602,49.9,0.976
2025-03-19 06:00:00,216.59,0.295,63.89,0.0639,50.11,0.937
2025-03-19 07:00:00,219.89,0.558,122.75,0.1228,50.23,0.964
2025-03-19 08:00:00,220.77,1.089,240.52,0.2405,50.02,0.925
2025-03-19 09:00:00,219.93,1.285,282.54,0.2825,49.91,0.963
2025-03-19 10:00:00,215.87,0.43,92.76,0.0928,49.85,0.963
2025-03-19 11:00:00,219.82,0.622,136.79,0.1368,50.03,0.958
2025-03-19 12:00:00,217.39,0.792,172.19,0.1722,50.11,0.93
2025-03-19 13:00:00,221.34,0.884,195.67,0.1957,50.05,0.955
2025-03-19 14:00:00,220.73,0.557,122.97,0.123,50.0,0.926
2025-03-19 15:00:00,218.12,0.927,202.25,0.2022,49.94,0.945
2025-03-19 16:00:00,218.97,0.658,144.05,0.1441,49.89,0.971
2025-03-19 17:00:00,217.88,0.796,173.36,0.1734,50.08,0.966
2025-03-19 18:00:00,219.87,0.964,211.93,0.2119,50.09,0.95
2025-03-19 19:00:00,221.91,0.802,177.96,0.178,49.85,0.931
2025-03-19 20:00:00,218.03,0.669,145.88,0.1459,50.16,0.963
2025-03-19 21:00:00,221.01,0.767,169.54,0.1695,50.06,0.95
2025-03-19 22:00:00,218.94,0.773,169.35,0.1693,50.14,0.904
2025-03-19 23:00:00,218.41,0.689,150.49,0.1505,49.87,0.966
2025-03-20 00:00:00,219.79,0.722,158.76,0.1588,49.86,0.95
2025-03-20 01:00:00,217.93,1.28,278.86,0.2789,49.99,0.974
2025-03-20 02:00:00,218.89,0.968,211.95,0.2119,50.05,0.928
2025-03-20 03:00:00,217.6,0.711,154.79,0.1548,50.18,0.886
2025-03-20 04:00:00,223.93,1.009,225.96,0.226,50.07,0.956
2025-03-20 05:00:00,220.07,0.7,154.02,0.154,49.98,0.956
2025-03-20 06:00:00,218.6,1.152,251.81,0.2518,49.9,0.916
2025-03-20 07:00:00,220.43,0.911,200.79,0.2008,50.12,0.93
2025-03-20 08:00:00,219.78,0.768,168.75,0.1687,49.9,1.005
2025-03-20 09:00:00,219.56,0.934,205.14,0.2051,50.16,0.944
2025-03-20 10:00:00,221.23,0.329,72.73,0.0727,49.97,0.965
2025-03-20 11:00:00,221.52,0.462,102.33,0.1023,50.16,0.937
2025-03-20 12:00:00,218.94,0.442,96.73,0.0967,50.07,0.908
2025-03-20 13:00:00,218.85,0.843,184.46,0.1845,49.99,0.947
2025-03-20 14:00:00,219.45,1.32,289.62,0.2896,49.95,0.945
2025-03-20 15:00:00,215.4,1.469,316.5,0.3165,49.97,0.942
2025-03-20 16:00:00,216.97,0.991,215.11,0.2151,50.04,0.948
2025-03-20 17:00:00,222.73,0.95,211.65,0.2117,50.01,0.955
2025-03-20 18:00:00,223.29,0.26,57.98,0.058,49.94,0.947
2025-03-20 19:00:00,219.5,0.637,139.87,0.1399,49.98,0.925
2025-03-20 20:00:00,221.15,0.564,124.66,0.1247,50.01,0.96
2025-03-20 21:00:00,220.62,0.614,135.41,0.1354,49.79,0.911
2025-03-20 22:00:00,226.16,0.75,169.52,0.1695,50.05,0.909
2025-03-20 23:00:00,222.24,0.658,146.32,0.1463,49.9,0.965
2025-03-21 00:00:00,219.74,0.206,45.31,0.0453,49.88,0.96
2025-03-21 01:00:00,218.09,1.024,223.4,0.2234,49.83,0.949
2025-03-21 02:00:00,216.79,0.478,103.66,0.1037,49.82,0.922
2025-03-21 03:00:00,220.41,0.872,192.15,0.1921,49.86,0.936
2025-03-21 04:00:00,218.49,1.422,310.74,0.3107,49.93,0.945
2025-03-21 05:00:00,217.16,0.524,113.83,0.1138,50.2,0.918
2025-03-21 06:00:00,218.71,0.041,8.95,0.0089,49.95,0.935
2025-03-21 07:00:00,217.84,0.714,155.58,0.1556,50.02,0.963
2025-03-21 08:00:00,223.37,1.13,252.48,0.2525,50.04,0.979
2025-03-21 09:00:00,221.76,1.388,307.7,0.3077,50.01,0.942
2025-03-21 10:00:00,219.98,0.431,94.84,0.0948,49.99,0.965
2025-03-21 11:00:00,222.96,0.949,211.59,0.2116,49.88,0.912
2025-03-21 12:00:00,220.15,0.66,145.39,0.1454,50.15,0.963
2025-03-21 13:00:00,218.28,0.768,167.68,0.1677,50.18,0.934
2025-03-21 14:00:00,223.05,1.593,355.38,0.3554,49.83,0.956
2025-03-21 15:00:00,221.08,0.349,77.18,0.0772,49.9,0.945
2025-03-21 16:00:00,217.93,0.876,190.93,0.1909,49.97,0.976
2025-03-21 17:00:00,219.62,0.94,206.51,0.2065,49.9,0.933
2025-03-21 18:00:00,218.25,1.126,245.69,0.2457,50.05,0.963
2025-03-21 19:00:00,217.23,0.829,180.17,0.1802,49.93,0.944
2025-03-21 20:00:00,221.85,0.892,197.98,0.198,50.22,0.947
2025-03-21 21:00:00,223.82,0.683,152.76,0.1528,50.12,0.946
2025-03-21 22:00:00,217.2,0.881,191.3,0.1913,50.02,0.933
2025-03-21 23:00:00,221.13,0.697,154.13,0.1541,50.1,0.95
2025-03-22 00:00:00,218.7,0.986,215.74,0.2157,50.11,0.949
2025-03-22 01:00:00,219.03,0.689,150.93,0.1509,49.94,0.955
2025-03-22 02:00:00,218.82,0.913,199.81,0.1998,49.92,0.952
2025-03-22 03:00:00,218.27,0.791,172.7,0.1727,50.01,0.966
2025-03-22 04:00:00,220.1,1.138,250.43,0.2504,50.09,0.968
2025-03-22 05:00:00,218.34,0.785,171.3,0.1713,50.01,0.929
2025-03-22 06:00:00,220.54,0.268,59.12,0.0591,49.84,0.967
2025-03-22 07:00:00,219.9,1.179,259.17,0.2592,49.92,0.926
2025-03-22 08:00:00,219.52,0.528,115.97,0.116,49.99,0.962
2025-03-22 09:00:00,218.18,0.604,131.76,0.1318,49.99,0.962
2025-03-22 10:00:00,218.85,0.621,135.97,0.136,50.2,0.912
2025-03-22 11:00:00,221.51,1.212,268.54,0.2685,49.86,0.952
2025-03-22 12:00:00,221.0,0.159,35.21,0.0352,50.05,0.941
2025-03-22 13:00:00,218.04,1.741,379.69,0.3797,50.15,0.935
2025-03-22 14:00:00,220.2,1.117,245.92,0.2459,50.23,0.977
2025-03-22 15:00:00,221.5,0.867,192.04,0.192,49.96,0.937
2025-03-22 16:00:00,216.66,0.784,169.76,0.1698,50.05,0.934
2025-03-22 17:00:00,221.09,0.886,195.81,0.1958,50.06,0.952
2025-03-22 18:00:00,218.67,0.956,209.13,0.2091,50.02,0.964
2025-03-22 19:00:00,221.14,0.994,219.72,0.2197,49.99,0.947
2025-03-22 20:00:00,218.47,0.967,211.19,0.2112,50.04,0.973
2025-03-22 21:00:00,216.39,0.827,178.93,0.1789,49.75,0.961
2025-03-22 22:00:00,216.74,0.741,160.56,0.1606,50.07,0.906
2025-03-22 23:00:00,220.1,0.755,166.09,0.1661,50.01,0.939
2025-03-23 00:00:00,220.52,0.742,163.52,0.1635,49.98,0.939
2025-03-23 01:00:00,218.19,1.14,248.77,0.2488,50.2,0.96
2025-03-23 02:00:00,221.28,0.978,216.42,0.2164,49.93,0.898
2025-03-23 03:00:00,216.68,-0.082,-17.79,-0.0178,49.96,1.001
2025-03-23 04:00:00,219.87,0.997,219.16,0.2192,50.2,0.961
2025-03-23 05:00:00,217.58,0.858,186.77,0.1868,49.92,0.953
2025-03-23 06:00:00,218.7,0.794,173.73,0.1737,49.94,0.974
2025-03-23 07:00:00,220.09,0.683,150.42,0.1504,49.99,0.997
2025-03-23 08:00:00,218.28,1.137,248.23,0.2482,50.08,0.967
2025-03-23 09:00:00,219.23,1.084,237.7,0.2377,50.02,0.969
2025-03-23 10:00:00,222.01,0.568,126.13,0.1261,49.87,0.953
2025-03-23 11:00:00,218.85,0.922,201.8,0.2018,49.95,0.947
2025-03-23 12:00:00,221.67,0.509,112.72,0.1127,49.94,0.94
2025-03-23 13:00:00,217.74,0.386,84.07,0.0841,49.99,0.933
2025-03-23 14:00:00,221.06,0.612,135.29,0.1353,50.04,0.936
2025-03-23 15:00:00,222.88,1.059,235.97,0.236,50.04,0.923
2025-03-23 16:00:00,215.06,1.086,233.54,0.2335,49.82,0.948
2025-03-23 17:00:00,218.41,0.954,208.34,0.2083,50.11,0.916
2025-03-23 18:00:00,221.15,1.018,225.03,0.225,50.03,0.954
2025-03-23 19:00:00,219.59,0.955,209.68,0.2097,50.14,0.949
2025-03-23 20:00:00,220.74,0.608,134.11,0.1341,50.04,0.953
2025-03-23 21:00:00,218.79,0.93,203.38,0.2034,50.11,0.94
2025-03-23 22:00:00,220.17,1.04,229.01,0.229,50.05,1.012
2025-03-23 23:00:00,219.69,1.026,225.46,0.2255,50.13,0.977
2025-03-24 00:00:00,222.34,1.157,257.17,0.2572,50.05,0.925
2025-03-24 01:00:00,220.51,1.012,223.26,0.2233,49.99,0.955
2025-03-24 02:00:00,220.68,0.905,199.81,0.1998,50.23,0.938
2025-03-24 03:00:00,219.18,1.121,245.71,0.2457,50.09,0.93
2025-03-24 04:00:00,219.02,0.792,173.48,0.1735,50.06,0.923
2025-03-24 05:00:00,219.13,0.535,117.33,0.1173,49.87,0.959
2025-03-24 06:00:00,220.79,0.751,165.83,0.1658,49.87,0.936
2025-03-24 07:00:00,219.16,0.577,126.35,0.1264,50.03,0.969
2025-03-24 08:00:00,220.58,0.597,131.78,0.1318,50.01,0.97
2025-03-24 09:00:00,224.15,0.757,169.6,0.1696,49.94,0.977
2025-03-24 10:00:00,221.74,0.562,124.68,0.1247,50.01,0.933
2025-03-24 11:00:00,219.35,0.708,155.21,0.1552,50.16,0.96
2025-03-24 12:00:00,222.4,0.232,51.58,0.0516,50.07,0.963
2025-03-24 13:00:00,219.18,0.864,189.37,0.1894,49.89,0.941
2025-03-24 14:00:00,215.92,0.8,172.82,0.1728,49.99,0.935
2025-03-24 15:00:00,217.98,0.555,120.95,0.121,49.92,0.982
2025-03-24 16:00:00,216.26,0.998,215.78,0.2158,49.96,0.955
2025-03-24 17:00:00,219.3,1.081,237.12,0.2371,49.96,0.963
2025-03-24 18:00:00,220.04,0.318,69.91,0.0699,49.95,0.934
2025-03-24 19:00:00,223.35,0.571,127.58,0.1276,49.87,0.926
2025-03-24 20:00:00,220.65,0.569,125.61,0.1256,49.99,0.939
2025-03-24 21:00:00,219.56,0.518,113.74,0.1137,49.94,0.948
2025-03-24 22:00:00,221.66,1.049,232.49,0.2325,49.71,0.929
2025-03-24 23:00:00,215.58,0.742,159.93,0.1599,50.21,0.95
2025-03-25 00:00:00,220.47,0.721,158.88,0.1589,50.11,0.916
2025-03-25 01:00:00,221.54,0.199,44.05,0.0441,49.96,0.928
2025-03-25 02:00:00,217.04,0.991,215.01,0.215,50.0,0.963
2025-03-25 03:00:00,222.29,0.428,95.19,0.0952,49.88,0.962
2025-03-25 04:00:00,220.68,0.818,180.51,0.1805,50.17,0.942
2025-03-25 05:00:00,219.17,0.883,193.57,0.1936,50.19,0.93
2025-03-25 06:00:00,221.27,1.208,267.33,0.2673,50.02,0.929
2025-03-25 07:00:00,224.54,0.407,91.47,0.0915,50.1,0.943
2025-03-25 08:00:00,220.36,-0.106,-23.33,-0.0233,50.02,0.963
2025-03-25 09:00:00,220.5,0.855,188.56,0.1886,49.87,0.969
2025-03-25 10:00:00,219.08,1.34,293.6,0.2936,49.96,0.94
2025-03-25 11:00:00,218.3,1.172,255.78,0.2558,50.01,0.927
2025-03-25 12:00:00,221.66,0.863,191.27,0.1913,49.95,0.955
2025-03-25 13:00:00,218.29,0.653,142.43,0.1424,49.98,0.934
2025-03-25 14:00:00,220.14,1.042,229.42,0.2294,49.99,0.94
2025-03-25 15:00:00,219.04,0.508,111.26,0.1113,49.99,0.977
2025-03-25 16:00:00,220.96,0.943,208.34,0.2083,50.01,0.967
2025-03-25 17:00:00,220.67,0.952,210.0,0.21,49.89,0.953
2025-03-25 18:00:00,222.08,1.118,248.29,0.2483,49.93,0.925
2025-03-25 19:00:00,218.98,1.628,356.48,0.3565,49.87,0.954
2025-03-25 20:00:00,219.46,0.918,201.4,0.2014,50.1,0.971
2025-03-25 21:00:00,218.04,0.647,141.14,0.1411,49.79,0.942
2025-03-25 22:00:00,219.11,0.792,173.61,0.1736,50.12,0.977
2025-03-25 23:00:00,220.75,0.269,59.44,0.0594,50.14,0.976
2025-03-26 00:00:00,221.51,0.592,131.04,0.131,49.97,0.983
2025-03-26 01:00:00,218.16,0.677,147.74,0.1477,49.74,0.956
2025-03-26 02:00:00,221.74,0.643,142.53,0.1425,49.96,0.962
2025-03-26 03:00:00,222.71,0.846,188.35,0.1883,49.99,0.978
2025-03-26 04:00:00,220.83,0.553,122.18,0.1222,49.9,0.959
2025-03-26 05:00:00,223.75,1.136,254.25,0.2543,49.95,0.94
2025-03-26 06:00:00,218.45,0.8,174.78,0.1748,50.15,0.941
2025-03-26 07:00:00,217.51,0.797,173.4,0.1734,50.07,0.955
2025-03-26 08:00:00,216.44,0.702,151.86,0.1519,49.91,0.924
2025-03-26 09:00:00,222.99,0.847,188.78,0.1888,49.84,0.947
2025-03-26 10:00:00,221.31,1.048,231.83,0.2318,49.97,0.972
2025-03-26 11:00:00,219.89,0.54,118.71,0.1187,49.98,0.906
2025-03-26 12:00:00,220.56,0.603,132.9,0.1329,50.05,0.981
2025-03-26 13:00:00,217.75,0.709,154.36,0.1544,49.95,0.972
2025-03-26 14:00:00,224.89,0.396,89.11,0.0891,50.05,0.941
2025-03-26 15:00:00,220.26,0.554,122.07,0.1221,50.19,0.961
2025-03-26 16:00:00,220.22,0.657,144.71,0.1447,50.08,0.95
2025-03-26 17:00:00,221.45,1.062,235.25,0.2353,50.0,0.975
2025-03-26 18:00:00,220.96,0.879,194.17,0.1942,49.98,0.97
2025-03-26 19:00:00,220.45,0.858,189.16,0.1892,49.96,0.922
2025-03-26 20:00:00,218.42,1.055,230.49,0.2305,50.12,0.962
2025-03-26 21:00:00,220.94,0.759,167.65,0.1676,49.94,0.946
2025-03-26 22:00:00,223.76,0.917,205.22,0.2052,50.0,0.952
2025-03-26 23:00:00,222.69,0.769,171.26,0.1713,50.01,0.935
2025-03-27 00:00:00,223.19,0.88,196.32,0.1963,49.95,0.985
2025-03-27 01:00:00,218.98,0.625,136.9,0.1369,49.86,0.971
2025-03-27 02:00:00,218.02,0.068,14.9,0.0149,50.03,0.935
2025-03-27 03:00:00,219.75,0.76,166.95,0.1669,49.99,0.923
2025-03-27 04:00:00,220.11,1.227,270.04,0.27,50.05,0.942
2025-03-27 05:00:00,222.19,1.078,239.49,0.2395,49.95,0.959
2025-03-27 06:00:00,216.62,1.09,236.03,0.236,50.12,0.955
2025-03-27 07:00:00,223.06,1.171,261.17,0.2612,49.91,0.975
2025-03-27 08:00:00,219.68,0.827,181.59,0.1816,50.17,0.966
2025-03-27 09:00:00,219.15,0.859,188.29,0.1883,49.83,0.969
2025-03-27 10:00:00,217.98,0.615,133.99,0.134,50.04,0.957
2025-03-27 11:00:00,216.69,0.705,152.81,0.1528,50.05,0.922
2025-03-27 12:00:00,221.65,0.985,218.26,0.2183,49.92,0.946
2025-03-27 13:00:00,220.15,1.161,255.63,0.2556,50.04,0.971
2025-03-27 14:00:00,217.42,0.758,164.84,0.1648,50.13,0.949
2025-03-27 15:00:00,217.41,0.665,144.57,0.1446,49.78,0.96
2025-03-27 16:00:00,219.33,0.8,175.5,0.1755,50.05,0.944
2025-03-27 17:00:00,223.34,0.98,218.95,0.219,49.75,0.929
2025-03-27 18:00:00,219.48,0.367,80.52,0.0805,49.9,0.948
2025-03-27 19:00:00,216.99,0.111,24.12,0.0241,50.16,0.956
2025-03-27 20:00:00,219.51,0.635,139.35,0.1394,49.94,0.937
2025-03-27 21:00:00,219.45,0.434,95.2,0.0952,49.88,0.945
2025-03-27 22:00:00,214.61,0.648,138.97,0.139,49.98,0.931
2025-03-27 23:00:00,219.89,0.756,166.16,0.1662,50.21,0.972
2025-03-28 00:00:00,219.54,0.664,145.78,0.1458,49.82,0.944
2025-03-28 01:00:00,221.39,1.236,273.58,0.2736,49.89,0.979
2025-03-28 02:00:00,223.7,0.898,200.89,0.2009,50.15,0.981
2025-03-28 03:00:00,222.25,0.89,197.84,0.1978,50.19,0.948
2025-03-28 04:00:00,219.46,0.987,216.54,0.2165,49.99,0.93
2025-03-28 05:00:00,217.79,0.458,99.82,0.0998,49.88,0.908
2025-03-28 06:00:00,225.15,1.112,250.3,0.2503,50.21,0.921
2025-03-28 07:00:00,220.12,0.777,171.09,0.1711,50.16,0.923
2025-03-28 08:00:00,220.03,1.001,220.28,0.2203,50.07,0.978
2025-03-28 09:00:00,219.95,0.478,105.23,0.1052,49.92,0.952
2025-03-28 10:00:00,220.4,0.334,73.58,0.0736,50.0,0.958
2025-03-28 11:00:00,219.71,1.045,229.68,0.2297,49.98,0.906
2025-03-28 12:00:00,218.85,0.913,199.8,0.1998,50.03,0.926
2025-03-28 13:00:00,218.91,0.529,115.89,0.1159,50.15,0.968
2025-03-28 14:00:00,219.93,0.539,118.57,0.1186,50.09,0.956
2025-03-28 15:00:00,218.91,1.138,249.04,0.249,49.89,0.947
2025-03-28 16:00:00,218.57,0.443,96.87,0.0969,50.14,0.961
2025-03-28 17:00:00,220.21,1.293,284.69,0.2847,50.03,0.983
2025-03-28 18:00:00,219.49,0.53,116.29,0.1163,50.07,0.946
2025-03-28 19:00:00,223.01,0.992,221.12,0.2211,50.15,0.951
2025-03-28 20:00:00,214.7,0.701,150.59,0.1506,49.89,0.954
2025-03-28 21:00:00,222.18,0.981,217.95,0.218,50.0,0.998
2025-03-28 22:00:00,222.49,0.637,141.68,0.1417,49.95,0.908
2025-03-28 23:00:00,215.85,0.751,162.14,0.1621,49.84,0.964
2025-03-29 00:00:00,219.31,0.812,178.14,0.1781,50.03,0.948
2025-03-29 01:00:00,219.26,0.499,109.48,0.1095,50.25,0.961
2025-03-29 02:00:00,217.18,1.022,222.02,0.222,49.82,0.937
2025-03-29 03:00:00,218.44,0.646,141.12,0.1411,50.0,0.949
2025-03-29 04:00:00,217.78,0.731,159.29,0.1593,50.06,0.964
2025-03-29 05:00:00,223.5,0.502,112.13,0.1121,50.01,1.012
2025-03-29 06:00:00,221.87,0.031,6.94,0.0069,49.99,0.966
2025-03-29 07:00:00,222.54,0.743,165.28,0.1653,49.87,0.933
2025-03-29 08:00:00,221.44,1.524,337.43,0.3374,50.02,0.942
2025-03-29 09:00:00,217.74,1.035,225.45,0.2254,49.92,0.941
2025-03-29 10:00:00,218.95,0.794,173.9,0.1739,49.78,0.914
2025-03-29 11:00:00,220.98,0.721,159.36,0.1594,50.12,0.943
2025-03-29 12:00:00,217.56,0.807,175.51,0.1755,50.1,0.965
2025-03-29 13:00:00,221.43,0.964,213.48,0.2135,50.01,0.925
2025-03-29 14:00:00,219.52,0.446,97.85,0.0979,50.02,0.971
2025-03-29 15:00:00,219.25,1.134,248.69,0.2487,50.11,0.96
2025-03-29 16:00:00,221.42,1.015,224.66,0.2247,50.02,0.935
2025-03-29 17:00:00,220.89,1.015,224.3,0.2243,50.09,0.947
2025-03-29 18:00:00,219.28,0.932,204.27,0.2043,49.97,0.982
2025-03-29 19:00:00,222.32,0.806,179.16,0.1792,50.13,0.965
2025-03-29 20:00:00,217.84,1.002,218.24,0.2182,50.03,0.95
2025-03-29 21:00:00,221.23,0.978,216.26,0.2163,50.02,0.945
2025-03-29 22:00:00,221.19,0.694,153.46,0.1535,49.87,0.952
2025-03-29 23:00:00,219.38,0.628,137.75,0.1378,50.03,0.94
2025-03-30 00:00:00,220.65,0.831,183.26,0.1833,49.92,0.908
2025-03-30 01:00:00,217.5,1.265,275.07,0.2751,49.94,0.991
2025-03-30 02:00:00,221.85,0.428,95.01,0.095,49.92,0.953
2025-03-30 03:00:00,219.63,0.36,79.01,0.079,49.89,0.958
2025-03-30 04:00:00,218.95,0.849,185.99,0.186,50.21,0.949
2025-03-30 05:00:00,222.1,0.815,181.07,0.1811,50.13,0.935
2025-03-30 06:00:00,218.59,0.852,186.24,0.1862,50.19,0.946
2025-03-30 07:00:00,217.18,0.873,189.64,0.1896,49.88,0.918
2025-03-30 08:00:00,216.89,0.733,158.99,0.159,50.01,0.996
2025-03-30 09:00:00,221.21,1.247,275.84,0.2758,49.87,0.925
2025-03-30 10:00:00,217.44,0.32,69.52,0.0695,49.93,0.929
2025-03-30 11:00:00,223.51,0.551,123.25,0.1233,49.91,0.941
2025-03-30 12:00:00,215.84,0.769,165.98,0.166,50.12,0.976
2025-03-30 13:00:00,223.39,0.307,68.59,0.0686,49.96,0.95
2025-03-30 14:00:00,220.42,0.747,164.71,0.1647,50.11,0.925
2025-03-30 15:00:00,219.81,1.298,285.41,0.2854,50.06,0.975
2025-03-30 16:00:00,218.91,0.806,176.5,0.1765,50.23,0.965
2025-03-30 17:00:00,220.8,0.869,191.92,0.1919,49.85,0.961
2025-03-30 18:00:00,219.92,0.422,92.8,0.0928,50.13,0.964
2025-03-30 19:00:00,222.21,0.615,136.68,0.1367,50.11,0.998
2025-03-30 20:00:00,220.23,0.687,151.39,0.1514,49.9,0.994
2025-03-30 21:00:00,220.3,0.705,155.24,0.1552,50.1,0.936
2025-03-30 22:00:00,219.27,1.184,259.73,0.2597,50.03,0.982
2025-03-30 23:00:00,219.89,0.967,212.7,0.2127,49.98,0.958
2025-03-31 00:00:00,220.62,0.467,102.93,0.1029,49.92,0.96
2025-03-31 01:00:00,216.58,0.874,189.28,0.1893,49.93,0.916
2025-03-31 02:00:00,217.3,0.949,206.32,0.2063,50.2,0.947
2025-03-31 03:00:00,221.49,1.142,252.95,0.2529,50.0,0.934
2025-03-31 04:00:00,220.34,1.274,280.75,0.2808,50.08,0.967
2025-03-31 05:00:00,219.63,0.495,108.82,0.1088,49.92,0.971
2025-03-31 06:00:00,220.04,0.557,122.5,0.1225,49.92,0.909
2025-03-31 07:00:00,220.7,0.423,93.29,0.0933,50.11,0.95
2025-03-31 08:00:00,218.92,0.73,159.77,0.1598,49.87,0.972
2025-03-31 09:00:00,218.44,0.94,205.32,0.2053,49.96,0.946
2025-03-31 10:00:00,220.39,1.096,241.59,0.2416,50.0,0.965
2025-03-31 11:00:00,218.04,0.777,169.47,0.1695,50.01,0.957
2025-03-31 12:00:00,220.82,0.704,155.46,0.1555,49.98,0.957
2025-03-31 13:00:00,216.59,0.846,183.14,0.1831,50.04,0.945
2025-03-31 14:00:00,222.06,0.549,122.01,0.122,50.07,0.926
2025-03-31 15:00:00,220.95,1.427,315.26,0.3153,50.07,0.928
2025-03-31 16:00:00,220.51,0.318,70.06,0.0701,49.9,0.964
2025-03-31 17:00:00,221.97,0.855,189.87,0.1899,49.97,0.95
2025-03-31 18:00:00,223.33,1.407,314.24,0.3142,50.12,0.947
2025-03-31 19:00:00,222.03,0.802,178.08,0.1781,50.09,0.942
2025-03-31 20:00:00,216.32,0.743,160.72,0.1607,49.86,0.944
2025-03-31 21:00:00,217.44,0.693,150.64,0.1506,50.04,0.971
2025-03-31 22:00:00,218.75,0.746,163.16,0.1632,49.8,0.943
2025-03-31 23:00:00,220.05,1.212,266.67,0.2667,50.0,0.923
2025-04-01 00:00:00,221.04,0.136,30.16,0.0302,50.19,0.965
2025-04-01 01:00:00,218.55,1.26,275.38,0.2754,49.91,0.946
2025-04-01 02:00:00,220.37,0.373,82.16,0.0822,49.92,0.951
2025-04-01 03:00:00,218.49,0.72,157.31,0.1573,50.08,0.982
2025-04-01 04:00:00,218.78,0.671,146.85,0.1468,49.85,0.95
2025-04-01 05:00:00,217.19,0.977,212.1,0.2121,49.94,0.956
2025-04-01 06:00:00,218.15,0.321,69.93,0.0699,50.06,0.926
2025-04-01 07:00:00,217.3,0.939,203.97,0.204,49.94,0.946
2025-04-01 08:00:00,218.05,1.407,306.86,0.3069,49.98,0.962
2025-04-01 09:00:00,222.11,0.391,86.85,0.0869,50.07,0.919
2025-04-01 10:00:00,218.1,0.857,186.89,0.1869,50.04,0.954
2025-04-01 11:00:00,225.26,0.601,135.48,0.1355,50.03,0.952
2025-04-01 12:00:00,220.99,0.928,205.02,0.205,49.97,0.951
2025-04-01 13:00:00,220.37,0.806,177.56,0.1776,50.04,0.971
2025-04-01 14:00:00,218.28,0.608,132.62,0.1326,49.99,0.957
2025-04-01 15:00:00,221.4,0.946,209.53,0.2095,50.05,0.98
2025-04-01 16:00:00,218.85,1.341,293.54,0.2935,49.95,0.93
2025-04-01 17:00:00,220.24,0.743,163.58,0.1636,49.98,0.953
2025-04-01 18:00:00,225.12,1.016,228.71,0.2287,49.9,0.952
2025-04-01 19:00:00,219.81,0.412,90.56,0.0906,50.0,0.929
2025-04-01 20:00:00,222.3,0.513,114.05,0.1141,49.92,0.969
2025-04-01 21:00:00,218.59,0.942,205.85,0.2059,49.89,0.996
2025-04-01 22:00:00,219.93,1.245,273.86,0.2739,50.03,0.95
2025-04-01 23:00:00,223.54,0.907,202.68,0.2027,50.02,0.96
2025-04-02 00:00:00,218.75,0.706,154.45,0.1545,50.08,0.952
2025-04-02 01:00:00,223.62,0.8,178.85,0.1789,49.96,0.936
2025-04-02 02:00:00,221.42,0.425,94.07,0.0941,50.04,0.914
2025-04-02 03:00:00,218.88,0.981,214.79,0.2148,50.06,0.936
2025-04-02 04:00:00,221.26,1.065,235.58,0.2356,50.04,0.922
2025-04-02 05:00:00,221.95,0.664,147.45,0.1475,49.92,0.984
2025-04-02 06:00:00,221.24,0.659,145.8,0.1458,50.01,0.948
2025-04-02 07:00:00,216.86,0.88,190.79,0.1908,50.04,0.943
2025-04-02 08:00:00,218.55,0.669,146.2,0.1462,50.0,0.968
2025-04-02 09:00:00,219.5,0.78,171.25,0.1712,49.79,0.928
2025-04-02 10:00:00,219.85,1.43,314.37,0.3144,50.02,0.935
2025-04-02 11:00:00,221.24,0.726,160.6,0.1606,50.22,0.951
2025-04-02 12:00:00,220.36,0.692,152.6,0.1526,49.96,0.971
2025-04-02 13:00:00,217.33,0.606,131.64,0.1316,49.93,0.96
2025-04-02 14:00:00,220.76,1.023,225.89,0.2259,50.04,0.955
2025-04-02 15:00:00,221.22,0.746,164.95,0.1649,50.03,0.952
2025-04-02 16:00:00,221.12,0.605,133.82,0.1338,50.12,0.958
2025-04-02 17:00:00,222.16,1.196,265.79,0.2658,49.87,0.954
2025-04-02 18:00:00,221.67,1.226,271.74,0.2717,50.07,0.929
2025-04-02 19:00:00,220.92,0.62,136.94,0.1369,50.06,0.951
2025-04-02 20:00:00,219.86,0.24,52.77,0.0528,49.99,0.929
2025-04-02 21:00:00,216.68,1.102,238.83,0.2388,50.03,0.952
2025-04-02 22:00:00,220.86,0.595,131.33,0.1313,50.1,0.94
2025-04-02 23:00:00,220.42,1.037,228.61,0.2286,50.09,1.001
2025-04-03 00:00:00,220.54,0.209,46.09,0.0461,49.89,0.949
2025-04-03 01:00:00,217.45,1.068,232.18,0.2322,50.08,0.922
2025-04-03 02:00:00,217.84,0.437,95.12,0.0951,49.99,0.947
2025-04-03 03:00:00,222.11,1.019,226.38,0.2264,50.01,0.96
2025-04-03 04:00:00,219.92,0.804,176.88,0.1769,50.01,0.983
2025-04-03 05:00:00,221.36,0.514,113.74,0.1137,49.98,0.938
2025-04-03 06:00:00,220.06,0.678,149.17,0.1492,50.12,0.918
2025-04-03 07:00:00,220.06,1.006,221.36,0.2214,49.99,0.966
2025-04-03 08:00:00,221.88,0.832,184.55,0.1845,49.89,0.922
2025-04-03 09:00:00,218.97,0.975,213.56,0.2136,49.96,0.941
2025-04-03 10:00:00,220.19,1.393,306.71,0.3067,50.02,0.945
2025-04-03 11:00:00,219.08,0.331,72.45,0.0725,50.12,0.949
2025-04-03 12:00:00,219.13,1.285,281.62,0.2816,50.06,0.964
2025-04-03 13:00:00,219.38,0.831,182.37,0.1824,49.91,0.936
2025-04-03 14:00:00,220.44,0.53,116.92,0.1169,50.25,0.945
2025-04-03 15:00:00,219.04,0.401,87.82,0.0878,50.03,0.95
2025-04-03 16:00:00,222.51,0.743,165.38,0.1654,50.13,0.953
2025-04-03 17:00:00,218.21,1.076,234.9,0.2349,49.98,0.952
2025-04-03 18:00:00,219.63,0.762,167.3,0.1673,50.05,0.959
2025-04-03 19:00:00,219.12,1.253,274.63,0.2746,50.08,0.967
2025-04-03 20:00:00,222.89,0.365,81.28,0.0813,50.12,0.958
2025-04-03 21:00:00,220.39,0.796,175.52,0.1755,50.11,0.959
2025-04-03 22:00:00,222.06,0.424,94.22,0.0942,50.09,0.918
2025-04-03 23:00:00,217.03,0.909,197.3,0.1973,49.97,0.951
2025-04-04 00:00:00,220.53,1.066,235.1,0.2351,49.94,0.96
2025-04-04 01:00:00,221.78,0.674,149.43,0.1494,50.03,0.965
2025-04-04 02:00:00,220.16,0.019,4.12,0.0041,50.09,0.936
2025-04-04 03:00:00,222.13,0.86,190.96,0.191,49.98,0.937
2025-04-04 04:00:00,218.97,0.931,203.86,0.2039,50.11,0.939
2025-04-04 05:00:00,222.82,0.921,205.28,0.2053,50.15,0.961
2025-04-04 06:00:00,224.6,1.171,262.94,0.2629,49.91,0.971
2025-04-04 07:00:00,219.27,0.479,104.96,0.105,49.92,0.942
2025-04-04 08:00:00,219.11,1.004,220.0,0.22,49.99,0.968
2025-04-04 09:00:00,222.91,1.158,258.07,0.2581,50.03,0.952
2025-04-04 10:00:00,223.16,0.266,59.45,0.0595,49.95,0.948
2025-04-04 11:00:00,218.95,0.896,196.16,0.1962,50.14,0.946
2025-04-04 12:00:00,219.16,0.649,142.18,0.1422,50.04,0.965
2025-04-04 13:00:00,219.44,0.776,170.18,0.1702,50.0,0.957
2025-04-04 14:00:00,217.31,0.904,196.52,0.1965,49.86,0.996
2025-04-04 15:00:00,218.16,0.654,142.64,0.1426,49.87,0.933
2025-04-04 16:00:00,217.99,0.597,130.2,0.1302,50.03,0.96
2025-04-04 17:00:00,218.46,0.81,177.01,0.177,49.79,0.939
2025-04-04 18:00:00,219.93,0.474,104.21,0.1042,50.1,0.933
2025-04-04 19:00:00,220.47,0.474,104.56,0.1046,49.98,0.95
2025-04-04 20:00:00,223.1,1.004,223.95,0.224,50.32,0.953
2025-04-04 21:00:00,218.0,0.455,99.27,0.0993,50.23,1.008
2025-04-04 22:00:00,221.97,1.0,221.95,0.2219,49.98,0.946
2025-04-04 23:00:00,219.57,0.939,206.13,0.2061,49.99,0.927
2025-04-05 00:00:00,219.9,0.282,62.07,0.0621,50.1,0.955
2025-04-05 01:00:00,221.35,0.597,132.09,0.1321,50.17,0.909
2025-04-05 02:00:00,217.75,1.158,252.21,0.2522,49.84,0.948
2025-04-05 03:00:00,220.76,0.506,111.63,0.1116,49.82,0.95
2025-04-05 04:00:00,220.33,0.661,145.57,0.1456,49.94,0.966
2025-04-05 05:00:00,220.98,0.939,207.42,0.2074,50.06,0.969
2025-04-05 06:00:00,220.58,1.035,228.3,0.2283,50.05,0.94
2025-04-05 07:00:00,224.91,0.725,162.96,0.163,50.11,0.947
2025-04-05 08:00:00,218.72,0.621,135.77,0.1358,49.88,0.935
2025-04-05 09:00:00,218.94,1.227,268.57,0.2686,49.77,0.927
2025-04-05 10:00:00,218.75,1.322,289.12,0.2891,50.09,0.956
2025-04-05 11:00:00,218.89,1.094,239.39,0.2394,49.92,0.925
2025-04-05 12:00:00,218.73,0.826,180.58,0.1806,49.8,0.942
2025-04-05 13:00:00,222.38,0.558,123.98,0.124,50.01,0.93
2025-04-05 14:00:00,222.84,0.551,122.76,0.1228,50.08,0.961
2025-04-05 15:00:00,218.86,0.957,209.39,0.2094,49.99,0.986
2025-04-05 16:00:00,218.34,0.926,202.07,0.2021,49.95,0.924
2025-04-05 17:00:00,220.94,1.22,269.66,0.2697,49.98,0.913
2025-04-05 18:00:00,218.9,0.995,217.83,0.2178,49.96,0.948
2025-04-05 19:00:00,221.27,0.349,77.24,0.0772,49.87,0.95
2025-04-05 20:00:00,220.41,1.116,245.88,0.2459,49.93,0.954
2025-04-05 21:00:00,216.97,0.501,108.61,0.1086,50.05,0.941
2025-04-05 22:00:00,223.1,0.685,152.78,0.1528,50.03,0.946
2025-04-05 23:00:00,223.59,0.875,195.66,0.1957,50.02,0.957
2025-04-06 00:00:00,218.77,1.399,306.0,0.306,49.9,0.971
2025-04-06 01:00:00,219.22,1.733,379.91,0.3799,49.98,0.911
2025-04-06 02:00:00,220.57,0.982,216.61,0.2166,49.78,0.943
2025-04-06 03:00:00,220.67,0.745,164.41,0.1644,50.02,0.954
2025-04-06 04:00:00,221.32,0.96,212.54,0.2125,50.14,0.932
2025-04-06 05:00:00,224.02,1.066,238.87,0.2389,49.85,0.985
2025-04-06 06:00:00,219.65,0.704,154.59,0.1546,49.94,0.937
2025-04-06 07:00:00,218.4,1.339,292.35,0.2923,50.03,0.949
2025-04-06 08:00:00,217.24,0.869,188.79,0.1888,50.13,0.961
2025-04-06 09:00:00,218.54,0.949,207.46,0.2075,49.96,0.938
2025-04-06 10:00:00,219.93,1.0,219.88,0.2199,49.93,0.913
2025-04-06 11:00:00,223.59,0.926,207.15,0.2071,49.8,0.941
2025-04-06 12:00:00,218.96,1.052,230.28,0.2303,50.01,0.971
2025-04-06 13:00:00,220.45,0.615,135.54,0.1355,50.2,0.943
2025-04-06 14:00:00,219.97,0.633,139.13,0.1391,50.03,0.933
2025-04-06 15:00:00,222.38,0.47,104.51,0.1045,50.0,0.969
2025-04-06 16:00:00,225.05,0.932,209.72,0.2097,50.03,0.943
2025-04-06 17:00:00,218.94,1.034,226.31,0.2263,50.0,0.94
2025-04-06 18:00:00,219.02,0.937,205.3,0.2053,49.92,0.953
2025-04-06 19:00:00,222.09,1.302,289.24,0.2892,50.08,0.965
2025-04-06 20:00:00,221.36,0.798,176.72,0.1767,50.02,0.998
2025-04-06 21:00:00,223.69,1.001,223.83,0.2238,50.0,0.967
2025-04-06 22:00:00,221.17,0.472,104.5,0.1045,49.9,0.973
2025-04-06 23:00:00,219.28,0.684,149.96,0.15,50.13,0.94
2025-04-07 00:00:00,221.18,1.009,223.1,0.2231,50.07,0.929
2025-04-07 01:00:00,222.22,1.055,234.38,0.2344,49.94,0.951
2025-04-07 02:00:00,221.64,0.712,157.77,0.1578,50.1,0.952
2025-04-07 03:00:00,221.01,0.779,172.06,0.1721,49.95,0.928
2025-04-07 04:00:00,222.13,0.345,76.56,0.0766,49.92,0.946
2025-04-07 05:00:00,222.34,0.693,154.06,0.1541,49.92,0.958
2025-04-07 06:00:00,222.76,1.067,237.72,0.2377,49.82,0.957
2025-04-07 07:00:00,221.3,0.973,215.23,0.2152,50.05,0.96
2025-04-07 08:00:00,219.67,0.95,208.73,0.2087,49.82,0.956
2025-04-07 09:00:00,220.29,0.815,179.52,0.1795,49.88,0.94
2025-04-07 10:00:00,222.41,0.802,178.4,0.1784,49.79,0.94
2025-04-07 11:00:00,218.37,0.602,131.44,0.1314,49.99,0.926
2025-04-07 12:00:00,220.74,1.01,222.87,0.2229,49.98,0.986
2025-04-07 13:00:00,219.21,0.926,203.06,0.2031,49.97,0.95
2025-04-07 14:00:00,220.06,0.948,208.53,0.2085,49.9,0.946
2025-04-07 15:00:00,222.56,0.642,142.92,0.1429,49.88,0.931
2025-04-07 16:00:00,220.38,0.154,33.94,0.0339,50.05,1.009
2025-04-07 17:00:00,220.09,1.129,248.52,0.2485,49.94,0.929
2025-04-07 18:00:00,217.28,0.656,142.61,0.1426,50.03,0.941
2025-04-07 19:00:00,221.49,0.541,119.86,0.1199,49.91,0.958
2025-04-07 20:00:00,221.29,1.008,223.07,0.2231,50.02,0.962
2025-04-07 21:00:00,224.33,0.682,153.08,0.1531,50.13,0.969
2025-04-07 22:00:00,219.38,1.118,245.27,0.2453,50.06,0.986
2025-04-07 23:00:00,220.44,0.985,217.15,0.2172,49.96,0.96
2025-04-08 00:00:00,220.5,1.005,221.62,0.2216,50.03,0.929
2025-04-08 01:00:00,223.15,0.39,87.08,0.0871,49.98,0.945
2025-04-08 02:00:00,219.81,1.164,255.77,0.2558,50.0,0.956
2025-04-08 03:00:00,220.56,0.878,193.73,0.1937,49.97,0.991
2025-04-08 04:00:00,221.22,0.689,152.47,0.1525,49.98,0.922
2025-04-08 05:00:00,220.37,0.843,185.78,0.1858,50.02,0.974
2025-04-08 06:00:00,219.11,0.267,58.53,0.0585,49.9,0.954
2025-04-08 07:00:00,220.39,0.923,203.33,0.2033,49.9,0.967
2025-04-08 08:00:00,222.15,0.491,109.12,0.1091,49.86,0.948
2025-04-08 09:00:00,217.95,0.394,85.91,0.0859,49.84,0.933
2025-04-08 10:00:00,220.27,0.343,75.62,0.0756,49.88,0.965
2025-04-08 11:00:00,218.6,1.134,247.85,0.2478,50.02,0.963
2025-04-08 12:00:00,222.39,0.611,135.93,0.1359,49.91,0.969
2025-04-08 13:00:00,216.95,1.26,273.39,0.2734,50.05,0.95
2025-04-08 14:00:00,218.88,0.639,139.92,0.1399,50.0,0.938
2025-04-08 15:00:00,220.75,0.288,63.53,0.0635,49.8,0.919
2025-04-08 16:00:00,223.13,0.465,103.77,0.1038,50.07,0.966
2025-04-08 17:00:00,219.87,1.171,257.41,0.2574,50.08,0.958
2025-04-08 18:00:00,218.89,0.753,164.87,0.1649,49.9,0.931
2025-04-08 19:00:00,223.76,0.636,142.2,0.1422,50.04,0.939
2025-04-08 20:00:00,217.1,0.848,184.11,0.1841,49.91,0.941
2025-04-08 21:00:00,215.6,0.951,204.94,0.2049,50.01,0.92
2025-04-08 22:00:00,220.88,1.135,250.75,0.2507,49.87,0.934
2025-04-08 23:00:00,219.0,1.235,270.36,0.2704,49.82,0.927
2025-04-09 00:00:00,217.96,0.692,150.84,0.1508,49.96,0.942
2025-04-09 01:00:00,221.42,0.402,89.05,0.0891,49.99,0.935
2025-04-09 02:00:00,220.49,0.676,149.04,0.149,49.96,0.917
2025-04-09 03:00:00,218.87,0.878,192.19,0.1922,49.88,0.99
2025-04-09 04:00:00,217.44,0.511,111.08,0.1111,49.96,0.975
2025-04-09 05:00:00,221.74,0.513,113.72,0.1137,50.03,0.934
2025-04-09 06:00:00,221.3,0.903,199.86,0.1999,50.0,0.955
2025-04-09 07:00:00,219.8,0.785,172.63,0.1726,50.02,0.958
2025-04-09 08:00:00,223.69,0.81,181.16,0.1812,49.93,0.974
2025-04-09 09:00:00,217.86,0.572,124.71,0.1247,50.12,0.934
2025-04-09 10:00:00,216.95,0.731,158.56,0.1586,49.88,0.972
2025-04-09 11:00:00,218.62,0.523,114.28,0.1143,50.05,0.939
2025-04-09 12:00:00,219.91,1.067,234.66,0.2347,50.12,0.923
2025-04-09 13:00:00,220.49,1.111,244.87,0.2449,50.05,0.964
2025-04-09 14:00:00,219.52,0.246,54.03,0.054,49.98,0.976
2025-04-09 15:00:00,220.7,0.521,115.02,0.115,49.95,1.002
2025-04-09 16:00:00,217.5,0.351,76.35,0.0764,50.1,0.926
2025-04-09 17:00:00,222.89,0.605,134.85,0.1348,49.86,0.964
2025-04-09 18:00:00,219.84,0.775,170.37,0.1704,49.9,0.942
2025-04-09 19:00:00,222.23,0.365,81.14,0.0811,49.96,0.966
2025-04-09 20:00:00,220.69,0.523,115.52,0.1155,50.12,0.921
2025-04-09 21:00:00,220.91,0.499,110.19,0.1102,50.04,0.925
2025-04-09 22:00:00,221.14,0.862,190.66,0.1907,49.9,0.934
2025-04-09 23:00:00,220.9,0.821,181.31,0.1813,49.97,0.952
2025-04-10 00:00:00,221.29,0.583,129.12,0.1291,49.94,0.937
2025-04-10 01:00:00,222.66,0.853,189.94,0.1899,49.93,0.963
2025-04-10 02:00:00,220.39,0.636,140.17,0.1402,50.1,0.971
2025-04-10 03:00:00,221.42,0.719,159.09,0.1591,49.86,0.962
2025-04-10 04:00:00,219.82,1.302,286.21,0.2862,50.16,0.982
2025-04-10 05:00:00,222.88,1.202,267.93,0.2679,50.08,0.958
2025-04-10 06:00:00,218.65,0.41,89.67,0.0897,50.11,0.926
2025-04-10 07:00:00,223.6,1.049,234.54,0.2345,49.95,0.977
2025-04-10 08:00:00,219.92,1.043,229.47,0.2295,49.99,0.938
2025-04-10 09:00:00,217.14,0.456,98.91,0.0989,49.86,0.968
2025-04-10 10:00:00,220.26,1.046,230.31,0.2303,49.95,0.981
2025-04-10 11:00:00,218.64,1.261,275.79,0.2758,50.05,0.959
2025-04-10 12:00:00,221.68,0.463,102.69,0.1027,50.13,0.92
2025-04-10 13:00:00,218.69,0.525,114.76,0.1148,49.89,0.932
2025-04-10 14:00:00,219.11,1.105,242.18,0.2422,49.96,0.976
2025-04-10 15:00:00,216.22,0.881,190.59,0.1906,49.98,0.947
2025-04-10 16:00:00,219.1,0.965,211.52,0.2115,49.86,0.952
2025-04-10 17:00:00,215.15,0.902,194.11,0.1941,50.06,0.965
2025-04-10 18:00:00,216.83,0.917,198.88,0.1989,49.93,0.964
2025-04-10 19:00:00,221.52,0.402,89.06,0.0891,49.98,0.956
2025-04-10 20:00:00,221.57,1.114,246.87,0.2469,49.95,0.946
2025-04-10 21:00:00,220.85,1.151,254.17,0.2542,49.92,0.944
2025-04-10 22:00:00,218.07,0.731,159.45,0.1594,50.0,0.967
2025-04-10 23:00:00,219.9,0.787,173.06,0.1731,49.98,0.961
2025-04-11 00:00:00,219.99,0.341,74.94,0.0749,49.96,0.945
2025-04-11 01:00:00,217.68,0.954,207.73,0.2077,49.93,0.972
2025-04-11 02:00:00,223.01,0.972,216.68,0.2167,50.03,0.947
2025-04-11 03:00:00,221.75,0.781,173.27,0.1733,50.17,0.933
2025-04-11 04:00:00,219.56,1.137,249.7,0.2497,50.01,0.935
2025-04-11 05:00:00,220.05,0.7,153.99,0.154,50.1,0.93
2025-04-11 06:00:00,220.42,0.969,213.67,0.2137,49.86,0.945
2025-04-11 07:00:00,215.92,0.494,106.68,0.1067,50.02,0.975
2025-04-11 08:00:00,219.51,0.793,174.05,0.1741,49.89,0.934
2025-04-11 09:00:00,218.64,0.748,163.47,0.1635,49.85,0.954
2025-04-11 10:00:00,218.0,0.868,189.13,0.1891,49.93,0.937
2025-04-11 11:00:00,219.44,0.689,151.22,0.1512,50.12,0.945
2025-04-11 12:00:00,223.6,0.761,170.06,0.1701,50.1,0.92
2025-04-11 13:00:00,221.28,1.048,231.86,0.2319,50.02,0.946
2025-04-11 14:00:00,218.86,0.669,146.41,0.1464,49.85,0.946
2025-04-11 15:00:00,221.15,0.318,70.33,0.0703,49.98,0.961
2025-04-11 16:00:00,222.8,1.325,295.18,0.2952,50.03,0.954
2025-04-11 17:00:00,221.85,1.214,269.42,0.2694,50.02,0.926
2025-04-11 18:00:00,220.12,0.412,90.76,0.0908,49.82,0.972
2025-04-11 19:00:00,218.71,1.007,220.22,0.2202,49.91,0.954
2025-04-11 20:00:00,221.4,0.649,143.71,0.1437,49.99,0.954
2025-04-11 21:00:00,220.79,0.879,194.08,0.1941,50.05,0.95
2025-04-11 22:00:00,221.79,0.888,197.01,0.197,49.78,0.94
2025-04-11 23:00:00,221.27,0.73,161.46,0.1615,49.98,0.954
2025-04-12 00:00:00,222.1,0.565,125.46,0.1255,50.01,0.96
2025-04-12 01:00:00,218.93,0.593,129.79,0.1298,50.08,0.915
2025-04-12 02:00:00,222.63,0.525,116.91,0.1169,50.07,0.939
2025-04-12 03:00:00,220.4,0.55,121.32,0.1213,50.06,0.945
2025-04-12 04:00:00,224.15,0.78,174.8,0.1748,49.92,0.955
2025-04-12 05:00:00,218.62,0.585,127.95,0.128,49.81,0.974
2025-04-12 06:00:00,223.47,1.005,224.5,0.2245,49.96,0.935
2025-04-12 07:00:00,220.4,1.246,274.65,0.2747,50.1,0.94
2025-04-12 08:00:00,218.7,0.626,136.9,0.1369,50.14,0.94
2025-04-12 09:00:00,219.03,0.872,190.96,0.191,50.07,0.934
2025-04-12 10:00:00,219.36,0.95,208.37,0.2084,50.04,0.943
2025-04-12 11:00:00,220.85,0.942,207.95,0.208,50.04,0.965
2025-04-12 12:00:00,221.05,0.823,181.87,0.1819,49.94,0.929
2025-04-12 13:00:00,218.85,1.023,223.84,0.2238,49.99,0.959
2025-04-12 14:00:00,219.95,0.945,207.78,0.2078,50.17,0.916
2025-04-12 15:00:00,224.28,0.429,96.15,0.0962,49.91,0.939
2025-04-12 16:00:00,223.46,1.061,237.03,0.237,50.16,0.943
2025-04-12 17:00:00,220.87,1.066,235.49,0.2355,49.97,0.983
2025-04-12 18:00:00,220.08,0.571,125.67,0.1257,50.13,0.945
2025-04-12 19:00:00,220.24,0.811,178.7,0.1787,49.86,0.906
2025-04-12 20:00:00,221.23,1.005,222.33,0.2223,50.06,0.91
2025-04-12 21:00:00,217.95,0.737,160.68,0.1607,49.93,0.951
2025-04-12 22:00:00,219.49,1.122,246.24,0.2462,49.86,0.962
2025-04-12 23:00:00,216.66,1.509,326.98,0.327,50.02,0.958
2025-04-13 00:00:00,220.8,0.564,124.58,0.1246,50.1,0.953
2025-04-13 01:00:00,221.29,0.386,85.35,0.0854,49.92,0.973
2025-04-13 02:00:00,219.03,0.891,195.19,0.1952,49.85,0.939
2025-04-13 03:00:00,223.15,1.016,226.82,0.2268,49.99,0.968
2025-04-13 04:00:00,217.55,0.731,158.97,0.159,49.99,0.917
2025-04-13 05:00:00,217.07,1.236,268.3,0.2683,50.05,0.932
2025-04-13 06:00:00,220.45,0.398,87.83,0.0878,50.09,0.914
2025-04-13 07:00:00,222.09,1.008,223.84,0.2238,49.99,0.945
2025-04-13 08:00:00,223.37,0.618,138.1,0.1381,50.19,0.949
2025-04-13 09:00:00,219.08,1.316,288.27,0.2883,50.02,0.952
2025-04-13 10:00:00,222.16,1.398,310.52,0.3105,49.97,0.951
2025-04-13 11:00:00,219.92,0.57,125.36,0.1254,49.84,0.931
2025-04-13 12:00:00,219.65,0.635,139.51,0.1395,49.97,0.946
2025-04-13 13:00:00,221.77,1.058,234.6,0.2346,49.97,0.92
2025-04-13 14:00:00,221.3,0.684,151.34,0.1513,50.1,0.977
2025-04-13 15:00:00,216.85,0.786,170.52,0.1705,50.05,0.944
2025-04-13 16:00:00,222.95,0.808,180.06,0.1801,49.88,0.94
2025-04-13 17:00:00,222.76,0.224,49.92,0.0499,50.02,0.982
2025-04-13 18:00:00,218.75,0.796,174.09,0.1741,50.07,0.925
2025-04-13 19:00:00,220.79,0.593,130.95,0.1309,50.15,0.927
2025-04-13 20:00:00,220.99,0.652,144.1,0.1441,50.09,0.928
2025-04-13 21:00:00,220.52,1.233,271.92,0.2719,50.08,0.949
2025-04-13 22:00:00,218.9,0.423,92.6,0.0926,50.01,0.959
2025-04-13 23:00:00,218.66,1.044,228.27,0.2283,50.04,0.965
2025-04-14 00:00:00,219.95,0.716,157.55,0.1576,50.12,1.001
2025-04-14 01:00:00,222.35,0.716,159.22,0.1592,49.87,0.905
2025-04-14 02:00:00,221.09,1.037,229.29,0.2293,49.97,0.962
2025-04-14 03:00:00,219.26,0.902,197.77,0.1978,49.92,0.939
2025-04-14 04:00:00,221.54,0.971,215.16,0.2152,50.04,0.938
2025-04-14 05:00:00,214.3,1.09,233.69,0.2337,50.12,0.938
2025-04-14 06:00:00,222.3,0.701,155.74,0.1557,49.94,0.932
2025-04-14 07:00:00,216.52,0.616,133.45,0.1334,49.76,0.984
2025-04-14 08:00:00,219.28,0.474,104.04,0.104,49.96,0.967
2025-04-14 09:00:00,217.76,0.552,120.29,0.1203,50.09,0.95
2025-04-14 10:00:00,217.41,1.685,366.28,0.3663,50.05,0.977
2025-04-14 11:00:00,222.32,1.173,260.87,0.2609,50.04,0.92
2025-04-14 12:00:00,219.06,0.395,86.46,0.0865,49.97,0.923
2025-04-14 13:00:00,220.69,0.403,89.0,0.089,49.87,0.906
2025-04-14 14:00:00,219.91,0.945,207.71,0.2077,50.05,0.936
2025-04-14 15:00:00,220.95,0.964,213.04,0.213,49.92,0.953
2025-04-14 16:00:00,220.15,0.965,212.37,0.2124,50.22,0.952
2025-04-14 17:00:00,217.43,0.724,157.32,0.1573,50.06,0.953
2025-04-14 18:00:00,221.99,0.762,169.24,0.1692,49.94,0.922
2025-04-14 19:00:00,219.01,0.898,196.75,0.1968,49.94,0.966
2025-04-14 20:00:00,216.89,0.826,179.1,0.1791,49.99,0.955
2025-04-14 21:00:00,219.14,0.134,29.41,0.0294,49.98,0.965
2025-04-14 22:00:00,223.0,0.731,163.03,0.163,50.11,0.912
2025-04-14 23:00:00,221.7,0.545,120.73,0.1207,50.02,0.956
2025-04-15 00:00:00,219.3,0.853,186.97,0.187,49.93,0.926
2025-04-15 01:00:00,219.3,1.696,371.84,0.3718,50.19,0.942
2025-04-15 02:00:00,219.36,0.91,199.67,0.1997,50.0,0.961
2025-04-15 03:00:00,224.15,0.706,158.24,0.1582,50.08,0.952
2025-04-15 04:00:00,220.76,1.077,237.66,0.2377,49.94,0.933
2025-04-15 05:00:00,220.86,0.945,208.67,0.2087,50.04,0.95
2025-04-15 06:00:00,222.06,0.926,205.63,0.2056,50.03,0.919
2025-04-15 07:00:00,220.48,0.982,216.52,0.2165,49.81,0.973
2025-04-15 08:00:00,219.48,1.417,311.0,0.311,50.2,0.946
2025-04-15 09:00:00,219.61,0.461,101.18,0.1012,50.13,0.972
2025-04-15 10:00:00,219.86,0.942,207.12,0.2071,49.96,0.939
2025-04-15 11:00:00,219.93,0.522,114.82,0.1148,49.89,0.94
2025-04-15 12:00:00,221.46,0.967,214.07,0.2141,50.03,0.935
2025-04-15 13:00:00,220.1,0.524,115.42,0.1154,50.01,0.968
2025-04-15 14:00:00,221.47,0.675,149.44,0.1494,50.04,0.936
2025-04-15 15:00:00,219.84,0.711,156.41,0.1564,50.02,0.963
2025-04-15 16:00:00,220.16,1.093,240.58,0.2406,50.05,0.942
2025-04-15 17:00:00,216.0,1.076,232.32,0.2323,50.14,0.91
2025-04-15 18:00:00,221.83,0.426,94.56,0.0946,50.06,0.939
2025-04-15 19:00:00,220.69,0.816,180.19,0.1802,49.9,0.926
2025-04-15 20:00:00,222.0,0.587,130.34,0.1303,50.14,0.951
2025-04-15 21:00:00,214.21,0.422,90.49,0.0905,50.16,0.926
2025-04-15 22:00:00,224.18,0.735,164.75,0.1647,50.32,0.969
2025-04-15 23:00:00,219.72,0.707,155.44,0.1554,49.89,0.948
2025-04-16 00:00:00,222.22,1.528,339.55,0.3395,50.02,0.946
2025-04-16 01:00:00,217.92,0.93,202.64,0.2026,49.79,0.963
2025-04-16 02:00:00,221.23,0.387,85.55,0.0856,50.06,0.969
2025-04-16 03:00:00,217.89,0.631,137.4,0.1374,49.95,0.95
2025-04-16 04:00:00,218.75,1.106,242.03,0.242,50.19,0.935
2025-04-16 05:00:00,223.83,1.427,319.3,0.3193,49.92,0.915
2025-04-16 06:00:00,219.62,0.324,71.2,0.0712,49.83,0.936
2025-04-16 07:00:00,220.43,0.236,52.03,0.052,49.95,0.938
2025-04-16 08:00:00,221.74,1.361,301.85,0.3019,49.8,0.952
2025-04-16 09:00:00,220.99,0.917,202.62,0.2026,50.08,0.943
2025-04-16 10:00:00,220.3,0.54,118.85,0.1189,49.79,0.964
2025-04-16 11:00:00,220.73,0.96,211.99,0.212,50.0,0.938
2025-04-16 12:00:00,224.81,0.009,2.09,0.0021,49.79,0.949
2025-04-16 13:00:00,219.88,0.801,176.13,0.1761,49.97,0.974
2025-04-16 14:00:00,220.4,0.898,198.0,0.198,50.16,0.957
2025-04-16 15:00:00,222.1,1.077,239.27,0.2393,50.04,0.949
2025-04-16 16:00:00,222.21,0.496,110.18,0.1102,49.91,0.938
2025-04-16 17:00:00,222.37,0.826,183.62,0.1836,50.0,0.937
2025-04-16 18:00:00,221.28,0.522,115.59,0.1156,50.0,0.933
2025-04-16 19:00:00,217.71,0.877,190.85,0.1909,50.05,0.939
2025-04-16 20:00:00,223.27,0.531,118.64,0.1186,49.86,0.965
2025-04-16 21:00:00,217.71,0.678,147.51,0.1475,50.06,0.946
2025-04-16 22:00:00,220.61,0.501,110.58,0.1106,49.73,0.923
2025-04-16 23:00:00,218.49,0.995,217.47,0.2175,49.94,0.985
2025-04-17 00:00:00,219.87,1.058,232.52,0.2325,49.95,0.956
2025-04-17 01:00:00,220.66,0.73,160.99,0.161,50.06,0.922
2025-04-17 02:00:00,220.64,0.811,179.05,0.179,50.0,0.941
2025-04-17 03:00:00,220.84,0.365,80.7,0.0807,49.86,0.952
2025-04-17 04:00:00,223.23,0.71,158.51,0.1585,49.9,0.984
2025-04-17 05:00:00,220.91,0.785,173.4,0.1734,50.02,0.928
2025-04-17 06:00:00,219.51,1.586,348.2,0.3482,49.99,0.97
2025-04-17 07:00:00,221.93,0.466,103.51,0.1035,49.94,0.978
2025-04-17 08:00:00,222.38,1.239,275.58,0.2756,49.95,0.937
2025-04-17 09:00:00,217.54,1.099,239.09,0.2391,50.07,0.944
2025-04-17 10:00:00,221.19,0.884,195.58,0.1956,49.95,0.929
2025-04-17 11:00:00,221.4,1.328,293.93,0.2939,49.99,0.946
2025-04-17 12:00:00,219.4,0.912,200.02,0.2,50.22,0.949
2025-04-17 13:00:00,222.75,0.917,204.21,0.2042,49.86,0.963
2025-04-17 14:00:00,219.7,0.784,172.26,0.1723,49.81,0.972
2025-04-17 15:00:00,220.25,1.167,257.05,0.257,50.08,0.935
2025-04-17 16:00:00,219.65,1.129,247.98,0.248,49.93,0.911
2025-04-17 17:00:00,220.03,0.612,134.72,0.1347,49.97,0.95
2025-04-17 18:00:00,217.81,0.404,88.04,0.088,49.92,0.956
2025-04-17 19:00:00,217.12,0.739,160.47,0.1605,49.97,0.955
2025-04-17 20:00:00,223.19,0.56,124.98,0.125,50.16,0.943
2025-04-17 21:00:00,218.31,0.781,170.48,0.1705,50.08,0.952
2025-04-17 22:00:00,218.02,1.171,255.35,0.2553,50.09,0.98
2025-04-17 23:00:00,215.69,0.663,142.96,0.143,49.86,0.958
2025-04-18 00:00:00,218.72,0.787,172.17,0.1722,49.88,0.943
2025-04-18 01:00:00,217.35,0.817,177.67,0.1777,49.72,0.94
2025-04-18 02:00:00,223.28,1.055,235.46,0.2355,49.92,0.947
2025-04-18 03:00:00,222.02,0.126,27.96,0.028,50.1,0.983
2025-04-18 04:00:00,218.62,0.618,135.11,0.1351,50.05,0.946
2025-04-18 05:00:00,224.5,0.863,193.83,0.1938,49.98,0.95
2025-04-18 06:00:00,221.96,1.16,257.48,0.2575,50.0,0.94
2025-04-18 07:00:00,219.35,0.652,143.11,0.1431,49.93,0.972
2025-04-18 08:00:00,215.0,0.237,50.96,0.051,50.02,0.989
2025-04-18 09:00:00,224.58,0.986,221.42,0.2214,50.08,0.959
2025-04-18 10:00:00,217.22,0.609,132.37,0.1324,49.84,0.952
2025-04-18 11:00:00,216.71,0.443,96.02,0.096,50.03,0.951
2025-04-18 12:00:00,222.05,0.613,136.05,0.136,50.09,0.902
2025-04-18 13:00:00,224.88,0.745,167.45,0.1675,49.96,0.965
2025-04-18 14:00:00,222.77,0.619,137.8,0.1378,50.07,0.953
2025-04-18 15:00:00,221.13,0.138,30.59,0.0306,50.28,0.959
2025-04-18 16:00:00,221.19,1.069,236.48,0.2365,49.99,0.936
2025-04-18 17:00:00,221.71,1.182,262.16,0.2622,50.04,0.942
2025-04-18 18:00:00,221.52,0.995,220.51,0.2205,49.93,0.942
2025-04-18 19:00:00,220.56,0.459,101.17,0.1012,50.02,0.97
2025-04-18 20:00:00,220.21,0.74,162.86,0.1629,50.05,0.942
2025-04-18 21:00:00,219.87,0.798,175.47,0.1755,50.02,0.992
2025-04-18 22:00:00,218.49,0.98,214.04,0.214,49.9,0.959
2025-04-18 23:00:00,219.44,1.001,219.55,0.2195,50.02,0.924
2025-04-19 00:00:00,216.61,0.58,125.58,0.1256,50.15,0.947
2025-04-19 01:00:00,219.8,0.825,181.25,0.1812,50.04,0.937
2025-04-19 02:00:00,218.02,0.937,204.33,0.2043,50.1,0.906
2025-04-19 03:00:00,217.79,1.237,269.35,0.2694,49.98,0.982
2025-04-19 04:00:00,220.36,1.011,222.86,0.2229,50.07,0.964
2025-04-19 05:00:00,222.78,1.037,230.96,0.231,50.03,0.961
2025-04-19 06:00:00,221.84,0.825,183.05,0.183,49.9,0.953
2025-04-19 07:00:00,216.86,1.223,265.25,0.2652,50.03,0.922
2025-04-19 08:00:00,218.02,0.923,201.22,0.2012,49.9,0.94
2025-04-19 09:00:00,221.88,0.542,120.19,0.1202,49.94,0.967
2025-04-19 10:00:00,218.04,1.221,266.22,0.2662,50.02,0.929
2025-04-19 11:00:00,219.55,1.009,221.61,0.2216,50.03,0.899
2025-04-19 12:00:00,221.1,0.667,147.49,0.1475,49.88,0.945
2025-04-19 13:00:00,218.06,0.656,143.08,0.1431,50.11,0.947
2025-04-19 14:00:00,220.21,0.889,195.76,0.1958,50.06,0.953
2025-04-19 15:00:00,217.33,0.939,204.07,0.2041,49.93,0.965
2025-04-19 16:00:00,218.8,0.859,187.99,0.188,49.85,0.963
2025-04-19 17:00:00,220.64,0.893,197.12,0.1971,49.99,0.955
2025-04-19 18:00:00,216.81,1.31,284.02,0.284,49.96,0.974
2025-04-19 19:00:00,220.88,1.121,247.71,0.2477,50.01,0.92
2025-04-19 20:00:00,219.96,0.857,188.55,0.1885,49.96,0.96
2025-04-19 21:00:00,221.1,1.082,239.32,0.2393,49.8,0.963
2025-04-19 22:00:00,220.45,0.49,108.07,0.1081,49.96,0.925
2025-04-19 23:00:00,222.73,0.919,204.77,0.2048,49.97,0.92
2025-04-20 00:00:00,220.25,1.343,295.75,0.2958,50.06,0.935
2025-04-20 01:00:00,219.14,0.735,160.98,0.161,49.93,0.937
2025-04-20 02:00:00,220.24,0.546,120.19,0.1202,50.17,0.965
2025-04-20 03:00:00,221.09,0.604,133.62,0.1336,49.81,0.938
2025-04-20 04:00:00,220.1,0.473,104.13,0.1041,50.13,0.933
2025-04-20 05:00:00,220.08,0.565,124.25,0.1243,49.98,0.938
2025-04-20 06:00:00,218.6,0.689,150.58,0.1506,50.09,0.972
2025-04-20 07:00:00,218.67,0.378,82.73,0.0827,50.01,0.95
2025-04-20 08:00:00,217.19,0.805,174.77,0.1748,50.11,0.946
2025-04-20 09:00:00,223.5,1.071,239.3,0.2393,49.96,0.948
2025-04-20 10:00:00,217.51,0.528,114.78,0.1148,49.89,0.976
2025-04-20 11:00:00,218.61,1.256,274.53,0.2745,50.14,0.935
2025-04-20 12:00:00,218.56,0.953,208.34,0.2083,49.99,0.976
2025-04-20 13:00:00,221.79,1.109,246.0,0.246,50.02,0.954
2025-04-20 14:00:00,219.41,0.603,132.23,0.1322,50.12,0.947
2025-04-20 15:00:00,222.5,1.056,235.03,0.235,49.9,1.0
2025-04-20 16:00:00,218.65,0.472,103.3,0.1033,50.06,0.929
2025-04-20 17:00:00,220.56,1.067,235.35,0.2354,49.94,0.943
2025-04-20 18:00:00,218.33,0.852,185.92,0.1859,49.99,0.925
2025-04-20 19:00:00,224.29,0.966,216.66,0.2167,50.01,0.969
2025-04-20 20:00:00,217.62,0.447,97.35,0.0973,49.85,0.984
2025-04-20 21:00:00,220.62,0.531,117.25,0.1173,49.92,0.983
2025-04-20 22:00:00,221.27,0.979,216.66,0.2167,50.14,0.974
2025-04-20 23:00:00,220.83,0.515,113.84,0.1138,50.09,0.946
2025-04-21 00:00:00,219.63,0.939,206.22,0.2062,49.99,0.943
2025-04-21 01:00:00,219.74,0.39,85.67,0.0857,50.02,0.917
2025-04-21 02:00:00,220.09,1.054,232.07,0.2321,49.97,0.991
2025-04-21 03:00:00,219.71,0.43,94.53,0.0945,50.14,0.959
2025-04-21 04:00:00,221.93,0.966,214.31,0.2143,49.98,0.94
2025-04-21 05:00:00,224.42,0.988,221.66,0.2217,50.02,0.977
2025-04-21 06:00:00,218.89,0.591,129.35,0.1294,50.11,0.931
2025-04-21 07:00:00,217.26,0.975,211.74,0.2117,49.92,0.958
2025-04-21 08:00:00,219.82,0.878,193.03,0.193,50.16,0.947
2025-04-21 09:00:00,225.16,0.638,143.73,0.1437,49.85,0.963
2025-04-21 10:00:00,218.39,0.497,108.64,0.1086,50.16,0.949
2025-04-21 11:00:00,223.28,0.211,47.16,0.0472,49.96,0.921
2025-04-21 12:00:00,223.36,0.905,202.11,0.2021,49.98,0.952
2025-04-21 13:00:00,218.89,0.331,72.36,0.0724,49.81,0.971
2025-04-21 14:00:00,221.14,0.829,183.24,0.1832,49.95,0.949
2025-04-21 15:00:00,223.26,0.721,160.96,0.161,49.9,0.966
2025-04-21 16:00:00,219.24,1.004,220.06,0.2201,49.94,0.929
2025-04-21 17:00:00,219.59,0.709,155.78,0.1558,49.99,0.949
2025-04-21 18:00:00,218.84,0.701,153.44,0.1534,50.1,0.938
2025-04-21 19:00:00,217.97,1.02,222.23,0.2222,50.02,0.965
2025-04-21 20:00:00,218.7,0.901,196.94,0.1969,50.03,0.951
2025-04-21 21:00:00,217.55,0.895,194.68,0.1947,49.89,0.964
2025-04-21 22:00:00,220.07,0.941,207.04,0.207,49.91,0.972
2025-04-21 23:00:00,218.46,0.339,74.13,0.0741,50.18,0.964
2025-04-22 00:00:00,220.47,1.027,226.43,0.2264,49.93,0.955
2025-04-22 01:00:00,216.89,0.984,213.36,0.2134,50.17,0.93
2025-04-22 02:00:00,220.66,0.495,109.23,0.1092,49.98,0.95
2025-04-22 03:00:00,221.67,0.727,161.1,0.1611,50.0,0.939
2025-04-22 04:00:00,216.01,0.788,170.26,0.1703,50.11,0.943
2025-04-22 05:00:00,220.75,0.76,167.69,0.1677,50.13,0.943
2025-04-22 06:00:00,222.46,0.9,200.24,0.2002,49.99,0.93
2025-04-22 07:00:00,217.58,1.229,267.5,0.2675,49.96,0.911
2025-04-22 08:00:00,223.35,1.125,251.16,0.2512,49.99,0.937
2025-04-22 09:00:00,220.84,0.406,89.73,0.0897,50.03,0.954
2025-04-22 10:00:00,218.59,0.987,215.67,0.2157,50.09,0.923
2025-04-22 11:00:00,219.89,1.199,263.58,0.2636,50.0,0.95
2025-04-22 12:00:00,221.12,0.916,202.55,0.2026,50.06,0.988
2025-04-22 13:00:00,220.15,1.127,248.18,0.2482,50.16,0.97
2025-04-22 14:00:00,221.08,1.404,310.32,0.3103,50.04,0.983
2025-04-22 15:00:00,218.16,1.107,241.53,0.2415,50.03,0.958
2025-04-22 16:00:00,220.34,0.875,192.75,0.1928,49.85,0.973
2025-04-22 17:00:00,217.17,1.114,241.83,0.2418,49.74,0.936
2025-04-22 18:00:00,219.78,0.843,185.37,0.1854,50.04,0.937
2025-04-22 19:00:00,218.19,0.807,176.12,0.1761,49.99,0.895
2025-04-22 20:00:00,218.53,0.695,151.78,0.1518,49.95,0.974
2025-04-22 21:00:00,222.47,1.269,282.32,0.2823,50.02,0.981
2025-04-22 22:00:00,222.18,0.554,123.19,0.1232,49.99,0.939
2025-04-22 23:00:00,221.22,1.26,278.67,0.2787,50.11,0.945
2025-04-23 00:00:00,217.82,0.95,206.92,0.2069,50.01,0.935
2025-04-23 01:00:00,219.37,0.38,83.41,0.0834,49.93,0.958
2025-04-23 02:00:00,222.43,0.91,202.47,0.2025,50.1,0.972
2025-04-23 03:00:00,220.28,0.17,37.45,0.0374,49.98,0.915
2025-04-23 04:00:00,224.64,0.988,221.86,0.2219,50.05,0.958
2025-04-23 05:00:00,220.79,1.066,235.26,0.2353,49.95,0.944
2025-04-23 06:00:00,220.38,0.622,137.14,0.1371,49.94,0.952
2025-04-23 07:00:00,219.38,0.837,183.64,0.1836,50.01,0.959
2025-04-23 08:00:00,220.27,1.386,305.34,0.3053,50.0,0.946
2025-04-23 09:00:00,219.7,0.648,142.42,0.1424,50.05,0.948
2025-04-23 10:00:00,221.42,0.482,106.8,0.1068,49.97,0.946
2025-04-23 11:00:00,221.91,1.244,276.17,0.2762,49.82,0.969
2025-04-23 12:00:00,218.43,1.389,303.35,0.3033,49.96,0.958
2025-04-23 13:00:00,217.34,0.801,174.11,0.1741,50.08,0.954
2025-04-23 14:00:00,216.33,1.103,238.7,0.2387,49.97,0.925
2025-04-23 15:00:00,221.02,1.202,265.76,0.2658,49.98,0.942
2025-04-23 16:00:00,217.79,0.577,125.72,0.1257,50.1,0.968
2025-04-23 17:00:00,215.69,0.654,141.15,0.1412,49.93,0.951
2025-04-23 18:00:00,220.78,1.169,258.15,0.2581,49.85,0.963
2025-04-23 19:00:00,224.99,1.306,293.72,0.2937,49.98,0.985
2025-04-23 20:00:00,219.99,0.969,213.14,0.2131,49.95,0.971
2025-04-23 21:00:00,221.68,0.536,118.83,0.1188,49.9,0.952
2025-04-23 22:00:00,220.16,1.396,307.37,0.3074,49.98,0.94
2025-04-23 23:00:00,219.8,0.641,140.83,0.1408,50.05,0.899
2025-04-24 00:00:00,221.84,0.699,155.17,0.1552,50.0,0.947
2025-04-24 01:00:00,219.42,0.903,198.07,0.1981,50.03,0.943
2025-04-24 02:00:00,220.53,1.266,279.25,0.2793,50.18,0.958
2025-04-24 03:00:00,220.64,1.056,233.04,0.233,49.97,0.947
2025-04-24 04:00:00,218.66,0.924,202.15,0.2021,50.03,0.944
2025-04-24 05:00:00,221.98,0.939,208.44,0.2084,49.95,0.914
2025-04-24 06:00:00,219.65,0.813,178.59,0.1786,49.92,0.931
2025-04-24 07:00:00,218.49,0.967,211.37,0.2114,49.94,0.96
2025-04-24 08:00:00,221.07,0.041,9.09,0.0091,49.95,0.984
2025-04-24 09:00:00,218.2,0.711,155.15,0.1551,50.04,0.948
2025-04-24 10:00:00,220.06,0.872,191.98,0.192,50.23,0.957
2025-04-24 11:00:00,219.98,0.455,100.02,0.1,49.93,0.969
2025-04-24 12:00:00,222.17,0.916,203.49,0.2035,49.96,0.934
2025-04-24 13:00:00,220.95,0.739,163.21,0.1632,49.99,0.957
2025-04-24 14:00:00,219.95,1.327,291.79,0.2918,50.04,0.935
2025-04-24 15:00:00,221.64,1.272,281.9,0.2819,50.03,0.967
2025-04-24 16:00:00,222.78,0.66,147.09,0.1471,50.13,0.953
2025-04-24 17:00:00,221.12,0.755,166.89,0.1669,49.76,0.956
2025-04-24 18:00:00,220.02,0.778,171.14,0.1711,49.76,0.934
2025-04-24 19:00:00,217.38,0.665,144.45,0.1444,49.95,0.964
2025-04-24 20:00:00,217.87,0.859,187.04,0.187,50.11,0.992
2025-04-24 21:00:00,219.39,0.573,125.6,0.1256,49.84,0.93
2025-04-24 22:00:00,218.78,0.461,100.82,0.1008,49.7,0.943
2025-04-24 23:00:00,219.63,0.987,216.73,0.2167,50.06,0.955
2025-04-25 00:00:00,220.11,0.989,217.66,0.2177,50.02,0.966
2025-04-25 01:00:00,221.06,0.559,123.51,0.1235,49.89,0.939
2025-04-25 02:00:00,219.86,1.069,234.94,0.2349,49.9,0.893
2025-04-25 03:00:00,220.97,0.611,134.91,0.1349,49.9,0.977
2025-04-25 04:00:00,220.13,0.876,192.82,0.1928,50.01,0.965
2025-04-25 05:00:00,216.05,1.046,226.01,0.226,49.94,0.915
2025-04-25 06:00:00,218.12,0.79,172.3,0.1723,50.05,0.938
2025-04-25 07:00:00,219.71,0.936,205.74,0.2057,49.71,0.981
2025-04-25 08:00:00,217.58,0.645,140.35,0.1404,49.91,0.979
2025-04-25 09:00:00,221.2,0.741,163.92,0.1639,49.89,0.969
2025-04-25 10:00:00,223.06,0.738,164.67,0.1647,49.97,0.946
2025-04-25 11:00:00,222.44,0.576,128.13,0.1281,49.95,0.952
2025-04-25 12:00:00,219.57,0.747,164.01,0.164,50.08,0.947
2025-04-25 13:00:00,222.98,0.335,74.79,0.0748,49.81,0.973
2025-04-25 14:00:00,220.3,0.653,143.78,0.1438,50.0,0.932
2025-04-25 15:00:00,219.33,0.715,156.72,0.1567,50.06,0.934
2025-04-25 16:00:00,218.77,0.723,158.2,0.1582,50.19,0.97
2025-04-25 17:00:00,219.4,0.728,159.62,0.1596,49.95,0.949
2025-04-25 18:00:00,219.22,0.781,171.32,0.1713,50.03,0.978
2025-04-25 19:00:00,220.34,0.944,207.96,0.208,49.82,0.937
2025-04-25 20:00:00,220.32,1.062,234.06,0.2341,49.76,0.949
2025-04-25 21:00:00,220.01,0.605,133.12,0.1331,50.08,0.932
2025-04-25 22:00:00,220.87,0.439,96.97,0.097,50.0,0.95
2025-04-25 23:00:00,222.38,0.487,108.39,0.1084,50.12,0.92
2025-04-26 00:00:00,221.9,0.654,145.09,0.1451,49.86,0.94
2025-04-26 01:00:00,217.03,0.694,150.71,0.1507,50.05,0.921
2025-04-26 02:00:00,214.89,0.569,122.27,0.1223,50.19,0.964
2025-04-26 03:00:00,221.87,0.411,91.22,0.0912,50.04,0.964
2025-04-26 04:00:00,217.27,0.663,144.08,0.1441,50.03,0.915
2025-04-26 05:00:00,219.55,0.854,187.59,0.1876,50.0,0.977
2025-04-26 06:00:00,217.66,0.979,212.98,0.213,49.84,1.0
2025-04-26 07:00:00,216.4,0.633,136.93,0.1369,50.14,0.951
2025-04-26 08:00:00,221.08,0.676,149.47,0.1495,49.94,0.937
2025-04-26 09:00:00,221.52,0.522,115.63,0.1156,50.05,1.006
2025-04-26 10:00:00,218.85,0.791,173.01,0.173,49.84,0.924
2025-04-26 11:00:00,214.82,0.545,117.18,0.1172,49.88,0.95
2025-04-26 12:00:00,218.91,0.972,212.76,0.2128,50.14,0.954
2025-04-26 13:00:00,220.78,0.264,58.34,0.0583,49.97,0.977
2025-04-26 14:00:00,217.04,0.692,150.22,0.1502,50.15,0.957
2025-04-26 15:00:00,220.37,0.89,196.2,0.1962,49.99,0.94
2025-04-26 16:00:00,219.97,0.855,188.11,0.1881,49.82,0.931
2025-04-26 17:00:00,221.16,1.608,355.6,0.3556,50.09,0.943
2025-04-26 18:00:00,220.24,0.905,199.3,0.1993,49.94,0.93
2025-04-26 19:00:00,218.05,0.499,108.76,0.1088,50.07,0.951
2025-04-26 20:00:00,222.39,0.771,171.55,0.1715,50.0,0.939
2025-04-26 21:00:00,219.68,0.267,58.68,0.0587,49.85,0.92
2025-04-26 22:00:00,219.95,0.776,170.64,0.1706,50.02,0.975
2025-04-26 23:00:00,218.13,0.55,119.99,0.12,50.22,0.94
2025-04-27 00:00:00,219.11,1.075,235.46,0.2355,50.05,0.925
2025-04-27 01:00:00,218.23,0.635,138.61,0.1386,49.99,0.947
2025-04-27 02:00:00,219.65,0.765,168.03,0.168,50.11,0.951
2025-04-27 03:00:00,223.42,0.609,136.14,0.1361,50.02,0.915
2025-04-27 04:00:00,217.26,1.322,287.14,0.2871,50.02,0.957
2025-04-27 05:00:00,216.77,0.704,152.53,0.1525,49.89,0.929
2025-04-27 06:00:00,222.94,1.35,300.92,0.3009,50.02,0.984
2025-04-27 07:00:00,219.58,1.044,229.3,0.2293,50.1,0.96
2025-04-27 08:00:00,218.66,0.945,206.55,0.2066,49.92,0.942
2025-04-27 09:00:00,222.08,0.911,202.23,0.2022,50.14,0.935
2025-04-27 10:00:00,218.79,0.918,200.88,0.2009,49.99,0.948
2025-04-27 11:00:00,223.65,0.222,49.58,0.0496,49.91,0.962
2025-04-27 12:00:00,221.36,0.716,158.56,0.1586,50.1,0.949
2025-04-27 13:00:00,219.02,1.054,230.75,0.2308,49.97,0.946
2025-04-27 14:00:00,224.31,0.785,176.16,0.1762,50.08,0.951
2025-04-27 15:00:00,218.79,0.378,82.8,0.0828,49.97,0.938
2025-04-27 16:00:00,221.48,0.784,173.71,0.1737,49.99,0.943
2025-04-27 17:00:00,220.6,1.311,289.26,0.2893,50.05,0.908
2025-04-27 18:00:00,222.6,1.174,261.35,0.2614,50.03,0.969
2025-04-27 19:00:00,223.12,0.781,174.35,0.1743,49.8,0.956
2025-04-27 20:00:00,220.06,1.085,238.87,0.2389,49.89,0.935
2025-04-27 21:00:00,218.49,0.69,150.77,0.1508,50.09,0.988
2025-04-27 22:00:00,220.92,0.289,63.81,0.0638,49.99,0.952
2025-04-27 23:00:00,218.64,0.523,114.28,0.1143,49.95,0.929
2025-04-28 00:00:00,224.03,1.269,284.26,0.2843,49.86,0.967
2025-04-28 01:00:00,220.27,0.718,158.11,0.1581,49.89,0.958
2025-04-28 02:00:00,219.27,0.727,159.41,0.1594,49.8,0.958
2025-04-28 03:00:00,220.37,0.71,156.47,0.1565,49.99,0.941
2025-04-28 04:00:00,217.31,1.371,297.98,0.298,49.94,0.959
2025-04-28 05:00:00,218.06,1.288,280.81,0.2808,49.9,0.945
2025-04-28 06:00:00,222.4,1.466,325.96,0.326,49.99,0.961
2025-04-28 07:00:00,218.69,0.752,164.51,0.1645,50.04,0.912
2025-04-28 08:00:00,217.91,0.889,193.65,0.1937,50.21,0.941
2025-04-28 09:00:00,221.07,0.345,76.27,0.0763,49.85,0.984
2025-04-28 10:00:00,222.37,1.243,276.43,0.2764,50.12,0.935
2025-04-28 11:00:00,221.44,0.45,99.57,0.0996,50.1,0.938
2025-04-28 12:00:00,221.99,0.865,192.03,0.192,49.92,0.941
2025-04-28 13:00:00,218.49,0.471,102.87,0.1029,50.02,0.926
2025-04-28 14:00:00,217.16,0.623,135.36,0.1354,49.95,0.906
2025-04-28 15:00:00,223.0,0.549,122.39,0.1224,50.02,0.945
2025-04-28 16:00:00,219.35,0.618,135.48,0.1355,50.15,0.953
2025-04-28 17:00:00,219.5,0.638,140.1,0.1401,50.06,0.949
2025-04-28 18:00:00,222.66,0.636,141.5,0.1415,50.05,0.947
2025-04-28 19:00:00,221.11,1.05,232.17,0.2322,49.96,0.951
2025-04-28 20:00:00,220.91,0.469,103.51,0.1035,49.85,0.97
2025-04-28 21:00:00,224.33,0.866,194.31,0.1943,49.98,0.946
2025-04-28 22:00:00,218.71,1.165,254.89,0.2549,50.12,0.939
2025-04-28 23:00:00,221.86,0.646,143.33,0.1433,49.85,0.944
2025-04-29 00:00:00,220.11,0.585,128.68,0.1287,49.89,0.962
2025-04-29 01:00:00,220.54,0.731,161.18,0.1612,50.01,0.978
2025-04-29 02:00:00,223.06,1.154,257.39,0.2574,49.9,0.937
2025-04-29 03:00:00,221.02,0.858,189.68,0.1897,49.92,0.952
2025-04-29 04:00:00,221.08,0.641,141.63,0.1416,49.96,0.957
2025-04-29 05:00:00,222.15,0.945,209.96,0.21,49.86,0.93
2025-04-29 06:00:00,219.27,0.469,102.91,0.1029,49.9,0.95
2025-04-29 07:00:00,218.32,1.004,219.28,0.2193,50.07,0.921
2025-04-29 08:00:00,217.91,0.923,201.04,0.201,49.87,0.915
2025-04-29 09:00:00,216.07,0.708,152.9,0.1529,49.84,0.957
2025-04-29 10:00:00,224.11,0.548,122.91,0.1229,49.94,0.942
2025-04-29 11:00:00,217.79,0.534,116.3,0.1163,50.07,0.954
2025-04-29 12:00:00,219.56,0.96,210.87,0.2109,49.98,0.95
2025-04-29 13:00:00,219.45,1.169,256.47,0.2565,49.95,0.93
2025-04-29 14:00:00,220.61,0.609,134.31,0.1343,50.0,0.949
2025-04-29 15:00:00,221.63,0.938,207.78,0.2078,49.83,0.925
2025-04-29 16:00:00,221.72,0.174,38.56,0.0386,50.05,0.978
2025-04-29 17:00:00,218.83,0.625,136.69,0.1367,50.04,0.923
2025-04-29 18:00:00,219.67,0.791,173.69,0.1737,49.96,0.946
2025-04-29 19:00:00,220.57,0.527,116.26,0.1163,50.1,0.929
2025-04-29 20:00:00,219.5,0.519,113.93,0.1139,49.89,0.961
2025-04-29 21:00:00,223.21,0.6,133.85,0.1339,50.11,0.943
2025-04-29 22:00:00,220.98,0.888,196.16,0.1962,50.02,0.94
2025-04-29 23:00:00,221.47,0.744,164.73,0.1647,49.97,0.967
